"unicode","clusterID","cluster.name"
"1.24.1.1",1,"tiabaya_1"
"1.24.1.12",1,"tiabaya_1"
"1.24.1.13",1,"tiabaya_1"
"1.24.1.2",1,"tiabaya_1"
"1.24.1.3",1,"tiabaya_1"
"1.24.1.4",1,"tiabaya_1"
"1.24.1.5",1,"tiabaya_1"
"1.24.1.6",1,"tiabaya_1"
"1.24.1.8",1,"tiabaya_1"
"1.24.1.9",1,"tiabaya_1"
"1.24.1.10",1,"tiabaya_1"
"1.24.1.11",1,"tiabaya_1"
"1.24.1.14",1,"tiabaya_1"
"1.24.1.15",1,"tiabaya_1"
"1.24.1.16",1,"tiabaya_1"
"1.24.1.17",1,"tiabaya_1"
"1.24.1.18",1,"tiabaya_1"
"1.24.1.19",1,"tiabaya_1"
"1.24.1.20",1,"tiabaya_1"
"1.24.1.21",1,"tiabaya_1"
"1.24.1.22",1,"tiabaya_1"
"1.24.1.23",1,"tiabaya_1"
"1.24.1.24",1,"tiabaya_1"
"1.24.1.7",1,"tiabaya_1"
"1.24.1.25",1,"tiabaya_1"
"1.24.1.26",1,"tiabaya_1"
"1.24.1.27",1,"tiabaya_1"
"1.24.1.28",1,"tiabaya_1"
"1.24.1.29",1,"tiabaya_1"
"1.24.1.30",1,"tiabaya_1"
"1.24.1.31",1,"tiabaya_1"
"1.24.1.32",1,"tiabaya_1"
"1.24.1.33",1,"tiabaya_1"
"1.24.1.34",1,"tiabaya_1"
"1.24.1.35",1,"tiabaya_1"
"1.24.1.36",1,"tiabaya_1"
"1.24.1.37",1,"tiabaya_1"
"1.24.1.38",1,"tiabaya_1"
"1.24.1.39",1,"tiabaya_1"
"1.24.1.40",1,"tiabaya_1"
"1.24.1.41",1,"tiabaya_1"
"1.24.1.42",1,"tiabaya_1"
"1.24.1.43",1,"tiabaya_1"
"1.24.1.44",1,"tiabaya_1"
"1.24.1.45",1,"tiabaya_1"
"1.24.1.45A",1,"tiabaya_1"
"1.24.1.46",1,"tiabaya_1"
"1.24.1.47",1,"tiabaya_1"
"1.24.1.48",1,"tiabaya_1"
"1.24.1.49",1,"tiabaya_1"
"1.24.1.50",1,"tiabaya_1"
"1.24.1.51",1,"tiabaya_1"
"1.24.1.52",1,"tiabaya_1"
"1.24.1.53",1,"tiabaya_1"
"1.24.1.54",1,"tiabaya_1"
"1.24.1.55",1,"tiabaya_1"
"1.24.1.56",1,"tiabaya_1"
"1.24.1.57",1,"tiabaya_1"
"1.24.1.58",1,"tiabaya_1"
"1.24.1.59",1,"tiabaya_1"
"1.24.1.60",1,"tiabaya_1"
"1.24.1.61",1,"tiabaya_1"
"1.24.1.62",1,"tiabaya_1"
"1.24.1.63",1,"tiabaya_1"
"1.24.1.64",1,"tiabaya_1"
"1.24.1.65",1,"tiabaya_1"
"1.24.1.66",1,"tiabaya_1"
"1.24.1.66A",1,"tiabaya_1"
"1.24.1.67",1,"tiabaya_1"
"1.24.1.68",1,"tiabaya_1"
"1.24.1.69",1,"tiabaya_1"
"1.24.1.70",1,"tiabaya_1"
"1.24.1.71",1,"tiabaya_1"
"1.24.1.72",1,"tiabaya_1"
"1.24.1.73",1,"tiabaya_1"
"1.24.1.74",1,"tiabaya_1"
"1.24.1.75",1,"tiabaya_1"
"1.24.1.76",1,"tiabaya_1"
"1.24.1.77",1,"tiabaya_1"
"1.24.1.78",1,"tiabaya_1"
"1.24.1.79",1,"tiabaya_1"
"1.24.1.80",1,"tiabaya_1"
"1.24.1.81",1,"tiabaya_1"
"1.24.1.82",1,"tiabaya_1"
"1.24.1.83",1,"tiabaya_1"
"1.24.1.84",1,"tiabaya_1"
"1.24.1.85",1,"tiabaya_1"
"1.24.1.86",1,"tiabaya_1"
"1.24.1.87",1,"tiabaya_1"
"1.24.1.88",1,"tiabaya_1"
"1.24.1.89",1,"tiabaya_1"
"1.24.1.90",1,"tiabaya_1"
"1.24.1.91",1,"tiabaya_1"
"1.24.1.92",1,"tiabaya_1"
"1.24.1.93",1,"tiabaya_1"
"1.24.1.94",1,"tiabaya_1"
"1.24.1.95",1,"tiabaya_1"
"1.24.1.96",1,"tiabaya_1"
"1.24.1.97",1,"tiabaya_1"
"1.24.1.98",1,"tiabaya_1"
"1.24.1.100",1,"tiabaya_1"
"1.24.1.101",1,"tiabaya_1"
"1.24.1.102",1,"tiabaya_1"
"1.24.1.103",1,"tiabaya_1"
"1.24.1.104",1,"tiabaya_1"
"1.24.1.105",1,"tiabaya_1"
"1.24.1.106",1,"tiabaya_1"
"1.24.1.107",1,"tiabaya_1"
"1.24.1.108",1,"tiabaya_1"
"1.24.1.108A",1,"tiabaya_1"
"1.24.1.108B",1,"tiabaya_1"
"1.24.1.108C",1,"tiabaya_1"
"1.24.1.109",1,"tiabaya_1"
"1.24.1.110",1,"tiabaya_1"
"1.24.1.111",1,"tiabaya_1"
"1.24.1.112",1,"tiabaya_1"
"1.24.1.113",1,"tiabaya_1"
"1.24.1.114",1,"tiabaya_1"
"1.24.1.115",1,"tiabaya_1"
"1.24.1.115A",1,"tiabaya_1"
"1.24.1.116",1,"tiabaya_1"
"1.24.1.117",1,"tiabaya_1"
"1.24.1.99",1,"tiabaya_1"
"1.24.1.118",1,"tiabaya_1"
"1.24.1.119",1,"tiabaya_1"
"1.24.1.120",1,"tiabaya_1"
"1.24.1.121",1,"tiabaya_1"
"1.24.1.122",1,"tiabaya_1"
"1.24.1.123",1,"tiabaya_1"
"1.24.1.124",1,"tiabaya_1"
"1.24.1.125",1,"tiabaya_1"
"1.24.1.126",1,"tiabaya_1"
"1.24.1.127",1,"tiabaya_1"
"1.24.1.128",1,"tiabaya_1"
"1.24.1.129",1,"tiabaya_1"
"1.24.1.130",1,"tiabaya_1"
"1.24.1.131",1,"tiabaya_1"
"1.24.1.132",1,"tiabaya_1"
"1.24.1.133",1,"tiabaya_1"
"1.24.1.134",1,"tiabaya_1"
"1.24.1.135",1,"tiabaya_1"
"1.24.1.136",1,"tiabaya_1"
"1.24.1.137",1,"tiabaya_1"
"1.24.1.138",1,"tiabaya_1"
"1.24.1.139",1,"tiabaya_1"
"1.24.1.140",1,"tiabaya_1"
"1.24.1.141",1,"tiabaya_1"
"1.24.1.142",1,"tiabaya_1"
"1.24.1.143",1,"tiabaya_1"
"1.24.1.143A",1,"tiabaya_1"
"1.24.1.143B",1,"tiabaya_1"
"1.24.1.143C",1,"tiabaya_1"
"1.24.1.144",1,"tiabaya_1"
"1.24.1.145",1,"tiabaya_1"
"1.24.1.146",1,"tiabaya_1"
"1.24.1.147",1,"tiabaya_1"
"1.24.1.148",1,"tiabaya_1"
"1.24.1.149",1,"tiabaya_1"
"1.24.1.150",1,"tiabaya_1"
"1.24.1.151",1,"tiabaya_1"
"1.24.1.152",1,"tiabaya_1"
"1.24.1.153",1,"tiabaya_1"
"1.24.1.154",1,"tiabaya_1"
"1.24.1.155",1,"tiabaya_1"
"1.24.1.156",1,"tiabaya_1"
"1.24.1.157",1,"tiabaya_1"
"1.24.1.158",1,"tiabaya_1"
"1.24.1.159",1,"tiabaya_1"
"1.24.1.160",1,"tiabaya_1"
"1.24.1.161",1,"tiabaya_1"
"1.24.1.162",1,"tiabaya_1"
"1.24.1.163",1,"tiabaya_1"
"1.24.1.164",1,"tiabaya_1"
"1.24.1.165",1,"tiabaya_1"
"1.24.1.166",1,"tiabaya_1"
"1.24.1.167",1,"tiabaya_1"
"1.24.1.168",1,"tiabaya_1"
"1.24.1.169",1,"tiabaya_1"
"1.24.1.170",1,"tiabaya_1"
"1.24.1.171",1,"tiabaya_1"
"1.24.1.172",1,"tiabaya_1"
"1.24.1.173",1,"tiabaya_1"
"1.24.1.174",1,"tiabaya_1"
"1.24.1.174A",1,"tiabaya_1"
"1.24.1.175",1,"tiabaya_1"
"1.24.1.175A",1,"tiabaya_1"
"1.24.1.176",1,"tiabaya_1"
"1.24.1.177",1,"tiabaya_1"
"1.24.1.178",1,"tiabaya_1"
"1.24.1.179",1,"tiabaya_1"
"1.24.1.180",1,"tiabaya_1"
"1.24.1.181",1,"tiabaya_1"
"1.24.1.182",1,"tiabaya_1"
"1.24.1.183",1,"tiabaya_1"
"1.24.1.184",1,"tiabaya_1"
"1.24.1.184A",1,"tiabaya_1"
"1.24.1.184B",1,"tiabaya_1"
"1.24.1.184C",1,"tiabaya_1"
"1.24.1.185",1,"tiabaya_1"
"1.24.1.186",1,"tiabaya_1"
"1.24.1.187",1,"tiabaya_1"
"1.24.1.188",1,"tiabaya_1"
"1.24.1.189",1,"tiabaya_1"
"1.24.1.190",1,"tiabaya_1"
"1.24.1.191",1,"tiabaya_1"
"1.24.1.192",1,"tiabaya_1"
"1.24.1.193",1,"tiabaya_1"
"1.24.1.194",1,"tiabaya_1"
"1.24.1.195",1,"tiabaya_1"
"1.24.1.195A",1,"tiabaya_1"
"1.24.1.196",1,"tiabaya_1"
"1.24.1.197",1,"tiabaya_1"
"1.24.1.198",1,"tiabaya_1"
"1.24.1.199",1,"tiabaya_1"
"1.24.1.200",1,"tiabaya_1"
"1.24.1.201",1,"tiabaya_1"
"1.24.1.202",1,"tiabaya_1"
"1.24.1.203",1,"tiabaya_1"
"1.24.1.204",1,"tiabaya_1"
"1.24.1.205",1,"tiabaya_1"
"1.24.1.206",1,"tiabaya_1"
"1.24.1.207",1,"tiabaya_1"
"1.24.1.208",1,"tiabaya_1"
"1.24.1.209",1,"tiabaya_1"
"1.24.1.210",1,"tiabaya_1"
"1.24.1.211",1,"tiabaya_1"
"1.24.1.212",1,"tiabaya_1"
"1.24.1.213",1,"tiabaya_1"
"1.24.1.214",1,"tiabaya_1"
"1.24.1.215",1,"tiabaya_1"
"1.24.1.216",1,"tiabaya_1"
"1.24.1.216A",1,"tiabaya_1"
"1.24.1.217",1,"tiabaya_1"
"1.24.1.218",1,"tiabaya_1"
"1.24.1.219",1,"tiabaya_1"
"1.24.1.220",1,"tiabaya_1"
"1.24.1.221",1,"tiabaya_1"
"1.24.1.222",1,"tiabaya_1"
"1.24.1.223",1,"tiabaya_1"
"1.24.1.224",1,"tiabaya_1"
"1.24.1.225",1,"tiabaya_1"
"1.24.1.226",1,"tiabaya_1"
"1.24.1.227",1,"tiabaya_1"
"1.24.1.228",1,"tiabaya_1"
"1.24.1.229",1,"tiabaya_1"
"1.24.1.230",1,"tiabaya_1"
"1.24.1.231",1,"tiabaya_1"
"1.24.1.232",1,"tiabaya_1"
"1.24.1.233",1,"tiabaya_1"
"1.24.1.234",1,"tiabaya_1"
"1.24.1.235",1,"tiabaya_1"
"1.24.1.236",1,"tiabaya_1"
"1.24.1.237",1,"tiabaya_1"
"1.24.1.238",1,"tiabaya_1"
"1.24.1.239",1,"tiabaya_1"
"1.24.1.240",1,"tiabaya_1"
"1.24.1.241",1,"tiabaya_1"
"1.24.1.242",1,"tiabaya_1"
"1.24.1.243",1,"tiabaya_1"
"1.24.1.244",1,"tiabaya_1"
"1.24.1.245",1,"tiabaya_1"
"1.24.1.245A",1,"tiabaya_1"
"1.24.1.246",1,"tiabaya_1"
"1.24.1.247",1,"tiabaya_1"
"1.24.1.248",1,"tiabaya_1"
"1.24.1.249",1,"tiabaya_1"
"1.24.1.250",1,"tiabaya_1"
"1.24.1.251",1,"tiabaya_1"
"1.24.1.252",1,"tiabaya_1"
"1.24.1.253",1,"tiabaya_1"
"1.24.1.254",1,"tiabaya_1"
"1.24.1.255",1,"tiabaya_1"
"1.24.1.256",1,"tiabaya_1"
"1.24.1.257",1,"tiabaya_1"
"1.24.1.258",1,"tiabaya_1"
"1.24.1.259",1,"tiabaya_1"
"1.24.1.260",1,"tiabaya_1"
"1.24.1.261",1,"tiabaya_1"
"1.24.1.263",1,"tiabaya_1"
"1.24.1.264",1,"tiabaya_1"
"1.24.1.265",1,"tiabaya_1"
"1.24.1.266",1,"tiabaya_1"
"1.24.1.267",1,"tiabaya_1"
"1.24.1.268",1,"tiabaya_1"
"1.24.1.269",1,"tiabaya_1"
"1.24.1.270",1,"tiabaya_1"
"1.24.1.271",1,"tiabaya_1"
"1.24.1.272",1,"tiabaya_1"
"1.24.1.272A",1,"tiabaya_1"
"1.24.1.273",1,"tiabaya_1"
"1.24.1.274",1,"tiabaya_1"
"1.24.1.275",1,"tiabaya_1"
"1.24.1.276",1,"tiabaya_1"
"1.24.1.277",1,"tiabaya_1"
"1.24.1.278",1,"tiabaya_1"
"1.24.1.279",1,"tiabaya_1"
"1.24.1.280",1,"tiabaya_1"
"1.24.1.281",1,"tiabaya_1"
"1.24.1.282",1,"tiabaya_1"
"1.24.1.283",1,"tiabaya_1"
"1.24.1.284",1,"tiabaya_1"
"1.24.1.285",1,"tiabaya_1"
"1.24.1.286",1,"tiabaya_1"
"1.24.1.287",1,"tiabaya_1"
"1.24.1.288",1,"tiabaya_1"
"1.24.1.289",1,"tiabaya_1"
"1.24.1.290",1,"tiabaya_1"
"1.24.1.290A",1,"tiabaya_1"
"1.24.1.291",1,"tiabaya_1"
"1.24.1.291A",1,"tiabaya_1"
"1.24.1.292",1,"tiabaya_1"
"1.24.1.293",1,"tiabaya_1"
"1.24.1.294",1,"tiabaya_1"
"1.24.1.295",1,"tiabaya_1"
"1.24.1.296",1,"tiabaya_1"
"1.24.1.297",1,"tiabaya_1"
"1.24.1.297A",1,"tiabaya_1"
"1.24.1.297B",1,"tiabaya_1"
"1.24.1.297C",1,"tiabaya_1"
"1.24.1.298",1,"tiabaya_1"
"1.24.1.298A",1,"tiabaya_1"
"1.24.1.298B",1,"tiabaya_1"
"1.24.1.298C",1,"tiabaya_1"
"1.24.1.299",1,"tiabaya_1"
"1.24.1.300",1,"tiabaya_1"
"1.24.1.301",1,"tiabaya_1"
"1.24.1.302",1,"tiabaya_1"
"1.24.1.303",1,"tiabaya_1"
"1.24.1.304",1,"tiabaya_1"
"1.24.1.305",1,"tiabaya_1"
"1.24.1.306",1,"tiabaya_1"
"1.24.1.307",1,"tiabaya_1"
"1.24.1.308",1,"tiabaya_1"
"1.24.1.309",1,"tiabaya_1"
"1.24.1.310",1,"tiabaya_1"
"1.24.1.311",1,"tiabaya_1"
"1.24.1.312",1,"tiabaya_1"
"1.24.1.313",1,"tiabaya_1"
"1.24.1.314",1,"tiabaya_1"
"1.24.1.315",1,"tiabaya_1"
"1.24.1.316",1,"tiabaya_1"
"1.24.1.317",1,"tiabaya_1"
"1.24.1.318",1,"tiabaya_1"
"1.24.1.319",1,"tiabaya_1"
"1.24.1.320",1,"tiabaya_1"
"1.24.1.321",1,"tiabaya_1"
"1.24.1.322",1,"tiabaya_1"
"1.24.1.323",1,"tiabaya_1"
"1.24.1.324",1,"tiabaya_1"
"1.24.1.325",1,"tiabaya_1"
"1.24.1.326",1,"tiabaya_1"
"1.24.1.327",1,"tiabaya_1"
"1.24.1.328",1,"tiabaya_1"
"1.24.1.329",1,"tiabaya_1"
"1.24.1.330",1,"tiabaya_1"
"1.24.1.331",1,"tiabaya_1"
"1.24.1.332",1,"tiabaya_1"
"1.24.1.333",1,"tiabaya_1"
"1.24.1.334",1,"tiabaya_1"
"1.24.1.335",1,"tiabaya_1"
"1.24.1.336",1,"tiabaya_1"
"1.24.1.337",1,"tiabaya_1"
"1.24.1.338",1,"tiabaya_1"
"1.24.1.339",1,"tiabaya_1"
"1.24.1.340",1,"tiabaya_1"
"1.24.1.341",1,"tiabaya_1"
"1.24.1.342",1,"tiabaya_1"
"1.24.1.343",1,"tiabaya_1"
"1.24.1.344",1,"tiabaya_1"
"1.24.1.344A",1,"tiabaya_1"
"1.24.1.345",1,"tiabaya_1"
"1.24.1.346",1,"tiabaya_1"
"1.24.1.347",1,"tiabaya_1"
"1.24.1.348",1,"tiabaya_1"
"1.24.1.349",1,"tiabaya_1"
"1.24.1.350",1,"tiabaya_1"
"1.24.1.351",1,"tiabaya_1"
"1.24.1.352",1,"tiabaya_1"
"1.24.1.353",1,"tiabaya_1"
"1.24.1.354",1,"tiabaya_1"
"1.24.1.355",1,"tiabaya_1"
"1.24.1.356",1,"tiabaya_1"
"1.24.1.357",1,"tiabaya_1"
"1.24.1.358",1,"tiabaya_1"
"1.24.1.359",1,"tiabaya_1"
"1.24.1.360",1,"tiabaya_1"
"1.24.1.361",1,"tiabaya_1"
"1.24.1.362",1,"tiabaya_1"
"1.24.1.363",1,"tiabaya_1"
"1.24.1.364",1,"tiabaya_1"
"1.24.1.365",1,"tiabaya_1"
"1.24.1.366",1,"tiabaya_1"
"1.24.1.367",1,"tiabaya_1"
"1.24.1.368",1,"tiabaya_1"
"1.24.1.369",1,"tiabaya_1"
"1.24.1.370",1,"tiabaya_1"
"1.24.1.371",1,"tiabaya_1"
"1.24.1.372",1,"tiabaya_1"
"1.24.1.373",1,"tiabaya_1"
"1.24.1.374",1,"tiabaya_1"
"1.24.1.375",1,"tiabaya_1"
"1.24.1.376",1,"tiabaya_1"
"1.24.1.377",1,"tiabaya_1"
"1.24.1.378",1,"tiabaya_1"
"1.24.1.379",1,"tiabaya_1"
"1.24.1.380",1,"tiabaya_1"
"1.24.1.381",1,"tiabaya_1"
"1.24.1.382",1,"tiabaya_1"
"1.24.1.383",1,"tiabaya_1"
"1.24.1.384",1,"tiabaya_1"
"1.24.1.385",1,"tiabaya_1"
"1.24.1.386",1,"tiabaya_1"
"1.24.1.387",1,"tiabaya_1"
"1.24.1.388",1,"tiabaya_1"
"1.24.1.389",1,"tiabaya_1"
"1.24.1.390",1,"tiabaya_1"
"1.24.1.391",1,"tiabaya_1"
"1.24.1.392",1,"tiabaya_1"
"1.24.1.393",1,"tiabaya_1"
"1.24.1.394",1,"tiabaya_1"
"1.24.1.395",1,"tiabaya_1"
"1.24.1.396",1,"tiabaya_1"
"1.24.1.397",1,"tiabaya_1"
"1.24.1.398",1,"tiabaya_1"
"1.24.1.399",1,"tiabaya_1"
"1.24.1.400",1,"tiabaya_1"
"1.24.1.401",1,"tiabaya_1"
"1.24.1.402",1,"tiabaya_1"
"1.24.1.403",1,"tiabaya_1"
"1.24.1.404",1,"tiabaya_1"
"1.24.1.405",1,"tiabaya_1"
"1.24.1.406",1,"tiabaya_1"
"1.24.1.407",1,"tiabaya_1"
"1.24.1.408",1,"tiabaya_1"
"1.24.1.410",1,"tiabaya_1"
"1.24.1.411",1,"tiabaya_1"
"1.24.1.412",1,"tiabaya_1"
"1.24.1.413",1,"tiabaya_1"
"1.24.1.414",1,"tiabaya_1"
"1.24.1.415",1,"tiabaya_1"
"1.24.1.416",1,"tiabaya_1"
"1.24.1.417",1,"tiabaya_1"
"1.24.1.418",1,"tiabaya_1"
"1.24.1.419",1,"tiabaya_1"
"1.24.1.420",1,"tiabaya_1"
"1.24.1.421",1,"tiabaya_1"
"1.24.1.422",1,"tiabaya_1"
"1.24.1.423",1,"tiabaya_1"
"1.24.1.424",1,"tiabaya_1"
"1.24.1.425",1,"tiabaya_1"
"1.24.1.426",1,"tiabaya_1"
"1.24.1.427",1,"tiabaya_1"
"1.24.1.428",1,"tiabaya_1"
"1.24.1.429",1,"tiabaya_1"
"1.24.1.430",1,"tiabaya_1"
"1.24.1.431",1,"tiabaya_1"
"1.24.1.432",1,"tiabaya_1"
"1.24.1.433",1,"tiabaya_1"
"1.24.1.433A",1,"tiabaya_1"
"1.24.1.434",1,"tiabaya_1"
"1.24.1.435",1,"tiabaya_1"
"1.24.1.436",1,"tiabaya_1"
"1.24.1.437",1,"tiabaya_1"
"1.24.1.437A",1,"tiabaya_1"
"1.24.1.438",1,"tiabaya_1"
"1.24.1.438A",1,"tiabaya_1"
"1.24.1.438B",1,"tiabaya_1"
"1.24.1.439",1,"tiabaya_1"
"1.24.1.440",1,"tiabaya_1"
"1.24.1.441",1,"tiabaya_1"
"1.24.1.442",1,"tiabaya_1"
"1.24.1.443",1,"tiabaya_1"
"1.24.1.444",1,"tiabaya_1"
"1.24.1.445",1,"tiabaya_1"
"1.24.1.446",1,"tiabaya_1"
"1.24.1.447",1,"tiabaya_1"
"1.24.1.448",1,"tiabaya_1"
"1.24.1.449",1,"tiabaya_1"
"1.24.1.450",1,"tiabaya_1"
"1.24.1.451",1,"tiabaya_1"
"1.24.1.452",1,"tiabaya_1"
"1.24.1.453",1,"tiabaya_1"
"1.24.1.454",1,"tiabaya_1"
"1.24.1.455",1,"tiabaya_1"
"1.24.1.456",1,"tiabaya_1"
"1.24.1.457",1,"tiabaya_1"
"1.24.1.458",1,"tiabaya_1"
"1.24.1.459",1,"tiabaya_1"
"1.24.1.460",1,"tiabaya_1"
"1.24.1.461",1,"tiabaya_1"
"1.24.1.462",1,"tiabaya_1"
"1.24.1.463",1,"tiabaya_1"
"1.24.1.464",1,"tiabaya_1"
"1.24.1.465",1,"tiabaya_1"
"1.24.1.466",1,"tiabaya_1"
"1.24.1.467",1,"tiabaya_1"
"1.24.1.468",1,"tiabaya_1"
"1.24.1.469",1,"tiabaya_1"
"1.24.1.470",1,"tiabaya_1"
"1.24.1.471",1,"tiabaya_1"
"1.24.1.472",1,"tiabaya_1"
"1.24.1.473",1,"tiabaya_1"
"1.24.1.474",1,"tiabaya_1"
"1.24.1.475",1,"tiabaya_1"
"1.24.1.476",1,"tiabaya_1"
"1.24.1.477",1,"tiabaya_1"
"1.24.1.478",1,"tiabaya_1"
"1.24.1.479",1,"tiabaya_1"
"1.24.1.479A",1,"tiabaya_1"
"1.24.1.480",1,"tiabaya_1"
"1.24.1.481",1,"tiabaya_1"
"1.24.1.482",1,"tiabaya_1"
"1.24.1.482A",1,"tiabaya_1"
"1.24.1.483",1,"tiabaya_1"
"1.24.1.484",1,"tiabaya_1"
"1.24.1.485",1,"tiabaya_1"
"1.24.1.486",1,"tiabaya_1"
"1.24.1.487",1,"tiabaya_1"
"1.24.1.488",1,"tiabaya_1"
"1.24.1.489",1,"tiabaya_1"
"1.24.1.490",1,"tiabaya_1"
"1.24.1.491",1,"tiabaya_1"
"1.24.1.492",1,"tiabaya_1"
"1.24.1.493",1,"tiabaya_1"
"1.24.1.494",1,"tiabaya_1"
"1.24.1.495",1,"tiabaya_1"
"1.24.1.496",1,"tiabaya_1"
"1.24.1.497",1,"tiabaya_1"
"1.24.1.498",1,"tiabaya_1"
"1.24.1.499",1,"tiabaya_1"
"1.24.1.500",1,"tiabaya_1"
"1.24.1.501",1,"tiabaya_1"
"1.24.1.502",1,"tiabaya_1"
"1.24.1.503",1,"tiabaya_1"
"1.24.1.504",1,"tiabaya_1"
"1.24.1.505",1,"tiabaya_1"
"1.24.1.505A",1,"tiabaya_1"
"1.24.1.506",1,"tiabaya_1"
"1.24.1.507",1,"tiabaya_1"
"1.24.1.508",1,"tiabaya_1"
"1.24.1.509",1,"tiabaya_1"
"1.24.1.510",1,"tiabaya_1"
"1.24.1.511",1,"tiabaya_1"
"1.24.1.512",1,"tiabaya_1"
"1.24.1.512A",1,"tiabaya_1"
"1.24.1.512B",1,"tiabaya_1"
"1.24.1.513",1,"tiabaya_1"
"1.24.1.514",1,"tiabaya_1"
"1.24.1.515",1,"tiabaya_1"
"1.24.1.516",1,"tiabaya_1"
"1.24.1.517",1,"tiabaya_1"
"1.24.1.518",1,"tiabaya_1"
"1.24.1.519",1,"tiabaya_1"
"1.24.1.520",1,"tiabaya_1"
"1.24.1.521",1,"tiabaya_1"
"1.24.1.522",1,"tiabaya_1"
"1.24.1.523",1,"tiabaya_1"
"1.24.1.524",1,"tiabaya_1"
"1.24.1.525",1,"tiabaya_1"
"1.24.1.526",1,"tiabaya_1"
"1.24.1.527",1,"tiabaya_1"
"1.24.1.528",1,"tiabaya_1"
"1.24.1.529",1,"tiabaya_1"
"1.24.1.530",1,"tiabaya_1"
"1.24.1.531",1,"tiabaya_1"
"1.24.1.532",1,"tiabaya_1"
"1.24.1.533",1,"tiabaya_1"
"1.24.1.534",1,"tiabaya_1"
"1.24.1.535",1,"tiabaya_1"
"1.24.1.536",1,"tiabaya_1"
"1.24.1.537",1,"tiabaya_1"
"1.24.1.538",1,"tiabaya_1"
"1.24.1.539",1,"tiabaya_1"
"1.24.1.540",1,"tiabaya_1"
"1.24.1.541",1,"tiabaya_1"
"1.24.1.542",1,"tiabaya_1"
"1.24.1.543",1,"tiabaya_1"
"1.24.1.544",1,"tiabaya_1"
"1.24.1.545",1,"tiabaya_1"
"1.24.1.546",1,"tiabaya_1"
"1.24.1.547",1,"tiabaya_1"
"1.24.1.548",1,"tiabaya_1"
"1.24.1.549",1,"tiabaya_1"
"1.24.1.550",1,"tiabaya_1"
"1.24.1.551",1,"tiabaya_1"
"1.24.1.552",1,"tiabaya_1"
"1.24.1.553",1,"tiabaya_1"
"1.24.1.554",1,"tiabaya_1"
"1.24.1.555",1,"tiabaya_1"
"1.24.1.556",1,"tiabaya_1"
"1.24.1.557",1,"tiabaya_1"
"1.24.1.558",1,"tiabaya_1"
"1.24.1.559",1,"tiabaya_1"
"1.24.1.560",1,"tiabaya_1"
"1.24.1.561",1,"tiabaya_1"
"1.24.1.562",1,"tiabaya_1"
"1.24.1.563",1,"tiabaya_1"
"1.24.1.564",1,"tiabaya_1"
"1.24.1.565",1,"tiabaya_1"
"1.24.1.566",1,"tiabaya_1"
"1.24.1.567",1,"tiabaya_1"
"1.24.1.568",1,"tiabaya_1"
"1.24.1.569",1,"tiabaya_1"
"1.24.1.570",1,"tiabaya_1"
"1.24.1.570A",1,"tiabaya_1"
"1.24.1.571",1,"tiabaya_1"
"1.24.1.572",1,"tiabaya_1"
"1.24.1.573",1,"tiabaya_1"
"1.24.1.574",1,"tiabaya_1"
"1.24.1.575",1,"tiabaya_1"
"1.24.1.576",1,"tiabaya_1"
"1.24.1.577",1,"tiabaya_1"
"1.24.1.578",1,"tiabaya_1"
"1.24.1.579",1,"tiabaya_1"
"1.24.1.580",1,"tiabaya_1"
"1.24.1.581",1,"tiabaya_1"
"1.24.1.582",1,"tiabaya_1"
"1.24.1.583",1,"tiabaya_1"
"1.24.1.584",1,"tiabaya_1"
"1.24.1.585",1,"tiabaya_1"
"1.24.1.586",1,"tiabaya_1"
"1.24.1.587",1,"tiabaya_1"
"1.24.1.588",1,"tiabaya_1"
"1.24.1.589",1,"tiabaya_1"
"1.24.1.590",1,"tiabaya_1"
"1.24.1.591",1,"tiabaya_1"
"1.24.1.592",1,"tiabaya_1"
"1.24.1.593",1,"tiabaya_1"
"1.24.1.594",1,"tiabaya_1"
"1.24.1.595",1,"tiabaya_1"
"1.24.1.595A",1,"tiabaya_1"
"1.24.1.596",1,"tiabaya_1"
"1.24.1.597",1,"tiabaya_1"
"1.24.1.598",1,"tiabaya_1"
"1.24.1.599",1,"tiabaya_1"
"1.24.1.600",1,"tiabaya_1"
"1.24.1.601",1,"tiabaya_1"
"1.24.1.602",1,"tiabaya_1"
"1.24.1.603",1,"tiabaya_1"
"1.24.1.604",1,"tiabaya_1"
"1.24.1.605",1,"tiabaya_1"
"1.24.1.606",1,"tiabaya_1"
"1.24.1.607",1,"tiabaya_1"
"1.24.1.608",1,"tiabaya_1"
"1.24.1.609",1,"tiabaya_1"
"1.24.1.610",1,"tiabaya_1"
"1.24.1.611",1,"tiabaya_1"
"1.24.1.612",1,"tiabaya_1"
"1.24.1.613",1,"tiabaya_1"
"1.24.1.614",1,"tiabaya_1"
"1.24.1.615",1,"tiabaya_1"
"1.24.1.616",1,"tiabaya_1"
"1.24.1.617",1,"tiabaya_1"
"1.24.1.618",1,"tiabaya_1"
"1.24.1.619",1,"tiabaya_1"
"1.24.1.620",1,"tiabaya_1"
"1.24.1.621",1,"tiabaya_1"
"1.24.1.622",1,"tiabaya_1"
"1.24.1.623",1,"tiabaya_1"
"1.24.1.624",1,"tiabaya_1"
"1.24.1.625",1,"tiabaya_1"
"1.24.1.626",1,"tiabaya_1"
"1.24.1.627",1,"tiabaya_1"
"1.24.1.628",1,"tiabaya_1"
"1.24.1.629",1,"tiabaya_1"
"1.24.1.630",1,"tiabaya_1"
"1.24.1.631",1,"tiabaya_1"
"1.24.1.632",1,"tiabaya_1"
"1.24.1.633",1,"tiabaya_1"
"1.24.1.634",1,"tiabaya_1"
"1.24.1.635",1,"tiabaya_1"
"1.24.1.636",1,"tiabaya_1"
"1.24.1.637",1,"tiabaya_1"
"1.24.1.638",1,"tiabaya_1"
"1.24.1.639",1,"tiabaya_1"
"1.24.1.640",1,"tiabaya_1"
"1.24.1.641",1,"tiabaya_1"
"1.24.1.642",1,"tiabaya_1"
"1.24.1.643",1,"tiabaya_1"
"1.24.1.644",1,"tiabaya_1"
"1.24.1.645",1,"tiabaya_1"
"1.24.1.646",1,"tiabaya_1"
"1.24.1.647",1,"tiabaya_1"
"1.24.1.648",1,"tiabaya_1"
"1.24.1.649",1,"tiabaya_1"
"1.24.1.650",1,"tiabaya_1"
"1.24.1.651",1,"tiabaya_1"
"1.24.1.652",1,"tiabaya_1"
"1.24.1.653",1,"tiabaya_1"
"1.24.1.654",1,"tiabaya_1"
"1.24.1.655",1,"tiabaya_1"
"1.24.1.655A",1,"tiabaya_1"
"1.24.1.656",1,"tiabaya_1"
"1.24.1.657",1,"tiabaya_1"
"1.24.1.658",1,"tiabaya_1"
"1.24.1.659",1,"tiabaya_1"
"1.24.1.660",1,"tiabaya_1"
"1.24.1.661",1,"tiabaya_1"
"1.24.1.662",1,"tiabaya_1"
"1.24.1.663",1,"tiabaya_1"
"1.24.1.666",1,"tiabaya_1"
"1.24.1.667",1,"tiabaya_1"
"1.24.1.668",1,"tiabaya_1"
"1.24.1.669",1,"tiabaya_1"
"1.24.1.670",1,"tiabaya_1"
"1.24.1.671",1,"tiabaya_1"
"1.24.1.672",1,"tiabaya_1"
"1.24.1.672A",1,"tiabaya_1"
"1.24.1.664",1,"tiabaya_1"
"1.24.1.665",1,"tiabaya_1"
"1.24.1.665A",1,"tiabaya_1"
"1.24.1.673",1,"tiabaya_1"
"1.24.1.674",1,"tiabaya_1"
"1.24.1.675",1,"tiabaya_1"
"1.24.1.676",1,"tiabaya_1"
"1.24.1.677",1,"tiabaya_1"
"1.24.1.678",1,"tiabaya_1"
"1.24.1.679",1,"tiabaya_1"
"1.24.1.680",1,"tiabaya_1"
"1.24.1.681",1,"tiabaya_1"
"1.24.1.682",1,"tiabaya_1"
"1.24.1.683",1,"tiabaya_1"
"1.24.1.684",1,"tiabaya_1"
"1.24.1.703",1,"tiabaya_1"
"1.24.1.685",1,"tiabaya_1"
"1.24.1.687",1,"tiabaya_1"
"1.24.1.688",1,"tiabaya_1"
"1.24.1.686",1,"tiabaya_1"
"1.24.1.689",1,"tiabaya_1"
"1.24.1.690",1,"tiabaya_1"
"1.24.1.691",1,"tiabaya_1"
"1.24.1.692",1,"tiabaya_1"
"1.24.1.693",1,"tiabaya_1"
"1.24.1.694",1,"tiabaya_1"
"1.24.1.695",1,"tiabaya_1"
"1.24.1.696",1,"tiabaya_1"
"1.24.1.697",1,"tiabaya_1"
"1.24.1.698",1,"tiabaya_1"
"1.24.1.698A",1,"tiabaya_1"
"1.24.1.699",1,"tiabaya_1"
"1.24.1.700",1,"tiabaya_1"
"1.24.1.701",1,"tiabaya_1"
"1.24.1.702",1,"tiabaya_1"
"1.24.1.705",1,"tiabaya_1"
"1.24.1.705A",1,"tiabaya_1"
"1.24.1.704",1,"tiabaya_1"
"1.24.1.706",1,"tiabaya_1"
"1.24.1.707",1,"tiabaya_1"
"1.24.1.708",1,"tiabaya_1"
"1.24.1.708A",1,"tiabaya_1"
"1.24.1.709",1,"tiabaya_1"
"1.24.1.709A",1,"tiabaya_1"
"1.24.1.710",1,"tiabaya_1"
"1.24.1.710A",1,"tiabaya_1"
"1.24.1.711",1,"tiabaya_1"
"1.24.1.712",1,"tiabaya_1"
"1.24.1.713",1,"tiabaya_1"
"1.24.1.714",1,"tiabaya_1"
"1.24.1.715",1,"tiabaya_1"
"1.24.1.716",1,"tiabaya_1"
"1.24.1.717",1,"tiabaya_1"
"1.24.1.717A",1,"tiabaya_1"
"1.24.1.718",1,"tiabaya_1"
"1.24.1.719",1,"tiabaya_1"
"1.24.1.720",1,"tiabaya_1"
"1.24.1.721",1,"tiabaya_1"
"1.24.1.722",1,"tiabaya_1"
"1.24.1.723",1,"tiabaya_1"
"1.24.1.724",1,"tiabaya_1"
"1.24.1.725",1,"tiabaya_1"
"1.24.1.726",1,"tiabaya_1"
"1.24.1.727",1,"tiabaya_1"
"1.24.1.728",1,"tiabaya_1"
"1.24.1.729",1,"tiabaya_1"
"1.24.1.730",1,"tiabaya_1"
"1.24.1.731",1,"tiabaya_1"
"1.24.1.732",1,"tiabaya_1"
"1.24.1.733",1,"tiabaya_1"
"1.24.1.734",1,"tiabaya_1"
"1.24.1.735",1,"tiabaya_1"
"1.24.1.736",1,"tiabaya_1"
"1.24.1.737",1,"tiabaya_1"
"1.24.1.738",1,"tiabaya_1"
"1.24.1.739",1,"tiabaya_1"
"1.24.1.740",1,"tiabaya_1"
"1.24.1.741",1,"tiabaya_1"
"1.24.1.742",1,"tiabaya_1"
"1.24.1.743",1,"tiabaya_1"
"1.24.1.744",1,"tiabaya_1"
"1.24.1.745",1,"tiabaya_1"
"1.24.1.746",1,"tiabaya_1"
"1.24.1.747",1,"tiabaya_1"
"1.24.1.748",1,"tiabaya_1"
"1.24.1.749",1,"tiabaya_1"
"1.24.1.750",1,"tiabaya_1"
"1.24.1.751",1,"tiabaya_1"
"1.24.1.752",1,"tiabaya_1"
"1.24.1.753",1,"tiabaya_1"
"1.24.1.754",1,"tiabaya_1"
"1.24.1.755",1,"tiabaya_1"
"1.24.1.756",1,"tiabaya_1"
"1.24.1.757",1,"tiabaya_1"
"1.24.1.758",1,"tiabaya_1"
"1.24.1.759",1,"tiabaya_1"
"1.24.1.760",1,"tiabaya_1"
"1.24.1.761",1,"tiabaya_1"
"1.24.1.762",1,"tiabaya_1"
"1.24.1.763",1,"tiabaya_1"
"1.24.1.764",1,"tiabaya_1"
"1.24.1.765",1,"tiabaya_1"
"1.24.1.766",1,"tiabaya_1"
"1.24.1.767",1,"tiabaya_1"
"1.24.1.768",1,"tiabaya_1"
"1.24.1.769",1,"tiabaya_1"
"1.24.1.770",1,"tiabaya_1"
"1.24.1.771",1,"tiabaya_1"
"1.24.1.772",1,"tiabaya_1"
"1.24.1.773",1,"tiabaya_1"
"1.24.1.774",1,"tiabaya_1"
"1.24.1.775",1,"tiabaya_1"
"1.24.1.776",1,"tiabaya_1"
"1.24.1.777",1,"tiabaya_1"
"1.24.1.778",1,"tiabaya_1"
"1.24.1.779",1,"tiabaya_1"
"1.24.1.780",1,"tiabaya_1"
"1.24.1.781",1,"tiabaya_1"
"1.24.1.782",1,"tiabaya_1"
"1.24.1.783",1,"tiabaya_1"
"1.24.1.784",1,"tiabaya_1"
"1.24.1.785",1,"tiabaya_1"
"1.24.1.786",1,"tiabaya_1"
"1.24.1.787",1,"tiabaya_1"
"1.24.1.788",1,"tiabaya_1"
"1.24.1.789",1,"tiabaya_1"
"1.24.1.790",1,"tiabaya_1"
"1.24.1.791",1,"tiabaya_1"
"1.24.1.792",1,"tiabaya_1"
"1.24.1.793",1,"tiabaya_1"
"1.24.1.794",1,"tiabaya_1"
"1.24.1.795",1,"tiabaya_1"
"1.24.1.796",1,"tiabaya_1"
"1.24.1.797",1,"tiabaya_1"
"1.24.1.798",1,"tiabaya_1"
"1.24.1.799",1,"tiabaya_1"
"1.24.1.800",1,"tiabaya_1"
"1.24.1.801",1,"tiabaya_1"
"1.24.1.802",1,"tiabaya_1"
"1.24.1.802A",1,"tiabaya_1"
"1.24.1.803",1,"tiabaya_1"
"1.24.1.804",1,"tiabaya_1"
"1.24.1.805",1,"tiabaya_1"
"1.24.1.806",1,"tiabaya_1"
"1.24.1.807",1,"tiabaya_1"
"1.24.1.808",1,"tiabaya_1"
"1.24.1.809",1,"tiabaya_1"
"1.24.1.810",1,"tiabaya_1"
"1.24.1.811",1,"tiabaya_1"
"1.24.1.812",1,"tiabaya_1"
"1.24.1.813",1,"tiabaya_1"
"1.24.1.814",1,"tiabaya_1"
"1.24.1.815",1,"tiabaya_1"
"1.24.1.816",1,"tiabaya_1"
"1.24.1.817",1,"tiabaya_1"
"1.24.1.818",1,"tiabaya_1"
"1.24.1.819",1,"tiabaya_1"
"1.24.1.820",1,"tiabaya_1"
"1.24.1.821",1,"tiabaya_1"
"1.24.1.822",1,"tiabaya_1"
"1.24.1.823",1,"tiabaya_1"
"1.24.1.824",1,"tiabaya_1"
"1.24.1.409",1,"tiabaya_1"
"1.24.1.825",1,"tiabaya_1"
"1.24.1.826",1,"tiabaya_1"
"1.24.1.827",1,"tiabaya_1"
"1.24.1.828",1,"tiabaya_1"
"1.24.1.829",1,"tiabaya_1"
"1.24.1.830",1,"tiabaya_1"
"1.24.1.831",1,"tiabaya_1"
"1.24.1.832",1,"tiabaya_1"
"1.24.1.833",1,"tiabaya_1"
"1.24.1.834",1,"tiabaya_1"
"1.24.1.835",1,"tiabaya_1"
"1.24.1.836",1,"tiabaya_1"
"1.24.1.837",1,"tiabaya_1"
"1.24.1.838",1,"tiabaya_1"
"1.24.1.839",1,"tiabaya_1"
"1.24.1.840",1,"tiabaya_1"
"1.24.1.841",1,"tiabaya_1"
"1.24.1.841A",1,"tiabaya_1"
"1.24.1.842",1,"tiabaya_1"
"1.24.1.843",1,"tiabaya_1"
"1.24.1.844",1,"tiabaya_1"
"1.24.1.845",1,"tiabaya_1"
"1.24.1.846",1,"tiabaya_1"
"1.24.1.847",1,"tiabaya_1"
"1.24.1.848",1,"tiabaya_1"
"1.24.1.849",1,"tiabaya_1"
"1.24.1.850",1,"tiabaya_1"
"1.24.1.853",1,"tiabaya_1"
"1.24.1.854",1,"tiabaya_1"
"1.24.1.855",1,"tiabaya_1"
"1.24.1.856",1,"tiabaya_1"
"1.24.1.857",1,"tiabaya_1"
"1.24.1.858",1,"tiabaya_1"
"1.24.1.859",1,"tiabaya_1"
"1.24.1.860",1,"tiabaya_1"
"1.24.1.861",1,"tiabaya_1"
"1.24.1.862",1,"tiabaya_1"
"1.24.1.863",1,"tiabaya_1"
"1.24.1.864",1,"tiabaya_1"
"1.24.1.865",1,"tiabaya_1"
"1.24.1.866",1,"tiabaya_1"
"1.24.1.867",1,"tiabaya_1"
"1.24.1.868",1,"tiabaya_1"
"1.24.1.869",1,"tiabaya_1"
"1.24.1.870",1,"tiabaya_1"
"1.24.1.871",1,"tiabaya_1"
"1.24.1.872",1,"tiabaya_1"
"1.24.1.873",1,"tiabaya_1"
"1.24.1.874",1,"tiabaya_1"
"1.24.1.875",1,"tiabaya_1"
"1.24.1.876",1,"tiabaya_1"
"1.24.1.877",1,"tiabaya_1"
"1.24.1.878",1,"tiabaya_1"
"1.24.1.879",1,"tiabaya_1"
"1.24.1.880",1,"tiabaya_1"
"1.24.1.881",1,"tiabaya_1"
"1.24.1.882",1,"tiabaya_1"
"1.24.1.883",1,"tiabaya_1"
"1.24.1.883A",1,"tiabaya_1"
"1.24.1.884",1,"tiabaya_1"
"1.24.1.885",1,"tiabaya_1"
"1.24.1.886",1,"tiabaya_1"
"1.24.1.887",1,"tiabaya_1"
"1.24.1.888",1,"tiabaya_1"
"1.24.1.889",1,"tiabaya_1"
"1.24.1.890",1,"tiabaya_1"
"1.24.1.891",1,"tiabaya_1"
"1.24.1.892",1,"tiabaya_1"
"1.24.1.893",1,"tiabaya_1"
"1.24.1.894",1,"tiabaya_1"
"1.24.1.895",1,"tiabaya_1"
"1.24.1.896",1,"tiabaya_1"
"1.24.1.897",1,"tiabaya_1"
"1.24.1.898",1,"tiabaya_1"
"1.24.1.898A",1,"tiabaya_1"
"1.24.1.899",1,"tiabaya_1"
"1.24.1.900",1,"tiabaya_1"
"1.24.1.901",1,"tiabaya_1"
"1.24.1.902",1,"tiabaya_1"
"1.24.1.903",1,"tiabaya_1"
"1.24.1.904",1,"tiabaya_1"
"1.24.1.905",1,"tiabaya_1"
"1.24.1.906",1,"tiabaya_1"
"1.24.1.906A",1,"tiabaya_1"
"1.24.1.907",1,"tiabaya_1"
"1.24.1.908",1,"tiabaya_1"
"1.24.1.909",1,"tiabaya_1"
"1.24.1.910",1,"tiabaya_1"
"1.24.1.911",1,"tiabaya_1"
"1.24.1.911A",1,"tiabaya_1"
"1.24.1.912",1,"tiabaya_1"
"1.24.1.912A",1,"tiabaya_1"
"1.24.1.913",1,"tiabaya_1"
"1.24.1.914",1,"tiabaya_1"
"1.24.1.915",1,"tiabaya_1"
"1.24.1.916",1,"tiabaya_1"
"1.24.1.917",1,"tiabaya_1"
"1.24.1.918",1,"tiabaya_1"
"1.24.1.919",1,"tiabaya_1"
"1.24.1.920",1,"tiabaya_1"
"1.24.1.921",1,"tiabaya_1"
"1.24.1.940",1,"tiabaya_1"
"1.24.1.941",1,"tiabaya_1"
"1.24.1.942",1,"tiabaya_1"
"1.24.1.922",1,"tiabaya_1"
"1.24.1.923",1,"tiabaya_1"
"1.24.1.924",1,"tiabaya_1"
"1.24.1.925",1,"tiabaya_1"
"1.24.1.926",1,"tiabaya_1"
"1.24.1.927",1,"tiabaya_1"
"1.24.1.928",1,"tiabaya_1"
"1.24.1.929",1,"tiabaya_1"
"1.24.1.930",1,"tiabaya_1"
"1.24.1.931",1,"tiabaya_1"
"1.24.1.932",1,"tiabaya_1"
"1.24.1.933",1,"tiabaya_1"
"1.24.1.934",1,"tiabaya_1"
"1.24.1.935",1,"tiabaya_1"
"1.24.1.936",1,"tiabaya_1"
"1.24.1.937",1,"tiabaya_1"
"1.24.1.938",1,"tiabaya_1"
"1.24.1.939",1,"tiabaya_1"
"1.24.1.939A",1,"tiabaya_1"
"1.24.1.943",1,"tiabaya_1"
"1.24.1.944",1,"tiabaya_1"
"1.24.1.945",1,"tiabaya_1"
"1.24.1.851",1,"tiabaya_1"
"1.24.1.852",1,"tiabaya_1"
"1.24.1.852A",1,"tiabaya_1"
"1.24.10.202",3,"tiabaya_3"
"1.24.10.203",3,"tiabaya_3"
"1.24.10.204",3,"tiabaya_3"
"1.24.10.205",3,"tiabaya_3"
"1.24.10.206",3,"tiabaya_3"
"1.24.10.206A",3,"tiabaya_3"
"1.24.10.207",3,"tiabaya_3"
"1.24.10.208",3,"tiabaya_3"
"1.24.10.209",3,"tiabaya_3"
"1.24.10.210",3,"tiabaya_3"
"1.24.10.211",3,"tiabaya_3"
"1.24.10.212",3,"tiabaya_3"
"1.24.10.213",3,"tiabaya_3"
"1.24.10.214",3,"tiabaya_3"
"1.24.10.215",3,"tiabaya_3"
"1.24.10.216",3,"tiabaya_3"
"1.24.10.217",3,"tiabaya_3"
"1.24.10.218",3,"tiabaya_3"
"1.24.10.219",3,"tiabaya_3"
"1.24.10.192",3,"tiabaya_3"
"1.24.10.193",3,"tiabaya_3"
"1.24.10.194",3,"tiabaya_3"
"1.24.10.195",3,"tiabaya_3"
"1.24.10.196",3,"tiabaya_3"
"1.24.10.197",3,"tiabaya_3"
"1.24.10.198",3,"tiabaya_3"
"1.24.10.198A",3,"tiabaya_3"
"1.24.10.199",3,"tiabaya_3"
"1.24.10.200",3,"tiabaya_3"
"1.24.10.201",3,"tiabaya_3"
"1.24.10.180",3,"tiabaya_3"
"1.24.10.180A",3,"tiabaya_3"
"1.24.10.181",3,"tiabaya_3"
"1.24.10.182",3,"tiabaya_3"
"1.24.10.183",3,"tiabaya_3"
"1.24.10.184",3,"tiabaya_3"
"1.24.10.185",3,"tiabaya_3"
"1.24.10.186",3,"tiabaya_3"
"1.24.10.187",3,"tiabaya_3"
"1.24.10.188",3,"tiabaya_3"
"1.24.10.189",3,"tiabaya_3"
"1.24.10.190",3,"tiabaya_3"
"1.24.10.191",3,"tiabaya_3"
"1.24.10.193A",3,"tiabaya_3"
"1.24.10.220",3,"tiabaya_3"
"1.24.10.220A",3,"tiabaya_3"
"1.24.10.221",3,"tiabaya_3"
"1.24.10.221A",3,"tiabaya_3"
"1.24.10.222",3,"tiabaya_3"
"1.24.10.223",3,"tiabaya_3"
"1.24.10.224",3,"tiabaya_3"
"1.24.10.226",3,"tiabaya_3"
"1.24.10.229",3,"tiabaya_3"
"1.24.10.230",3,"tiabaya_3"
"1.24.10.159",3,"tiabaya_3"
"1.24.10.160",3,"tiabaya_3"
"1.24.10.161",3,"tiabaya_3"
"1.24.10.162",3,"tiabaya_3"
"1.24.10.163",3,"tiabaya_3"
"1.24.10.164",3,"tiabaya_3"
"1.24.10.165",3,"tiabaya_3"
"1.24.10.166",3,"tiabaya_3"
"1.24.10.167",3,"tiabaya_3"
"1.24.10.168",3,"tiabaya_3"
"1.24.10.169",3,"tiabaya_3"
"1.24.10.170",3,"tiabaya_3"
"1.24.10.171",3,"tiabaya_3"
"1.24.10.172",3,"tiabaya_3"
"1.24.10.173",3,"tiabaya_3"
"1.24.10.174",3,"tiabaya_3"
"1.24.10.175",3,"tiabaya_3"
"1.24.10.176",3,"tiabaya_3"
"1.24.10.177",3,"tiabaya_3"
"1.24.10.178",3,"tiabaya_3"
"1.24.10.179",3,"tiabaya_3"
"1.24.10.225",3,"tiabaya_3"
"1.24.10.227",3,"tiabaya_3"
"1.24.10.227A",3,"tiabaya_3"
"1.24.10.228",3,"tiabaya_3"
"1.24.10.135",3,"tiabaya_3"
"1.24.10.136",3,"tiabaya_3"
"1.24.10.137",3,"tiabaya_3"
"1.24.10.138",3,"tiabaya_3"
"1.24.10.139",3,"tiabaya_3"
"1.24.10.140",3,"tiabaya_3"
"1.24.10.141",3,"tiabaya_3"
"1.24.10.142",3,"tiabaya_3"
"1.24.10.143",3,"tiabaya_3"
"1.24.10.144",3,"tiabaya_3"
"1.24.10.145",3,"tiabaya_3"
"1.24.10.146",3,"tiabaya_3"
"1.24.10.147",3,"tiabaya_3"
"1.24.10.148",3,"tiabaya_3"
"1.24.10.149",3,"tiabaya_3"
"1.24.10.150",3,"tiabaya_3"
"1.24.10.151",3,"tiabaya_3"
"1.24.10.152",3,"tiabaya_3"
"1.24.10.153",3,"tiabaya_3"
"1.24.10.154",3,"tiabaya_3"
"1.24.10.155",3,"tiabaya_3"
"1.24.10.156",3,"tiabaya_3"
"1.24.10.157",3,"tiabaya_3"
"1.24.10.158",3,"tiabaya_3"
"1.24.10.1",3,"tiabaya_3"
"1.24.10.2",3,"tiabaya_3"
"1.24.10.3",3,"tiabaya_3"
"1.24.10.4",3,"tiabaya_3"
"1.24.10.5",3,"tiabaya_3"
"1.24.10.6",3,"tiabaya_3"
"1.24.10.10",3,"tiabaya_3"
"1.24.10.11",3,"tiabaya_3"
"1.24.10.12",3,"tiabaya_3"
"1.24.10.13",3,"tiabaya_3"
"1.24.10.14",3,"tiabaya_3"
"1.24.10.15",3,"tiabaya_3"
"1.24.10.16",3,"tiabaya_3"
"1.24.10.17",3,"tiabaya_3"
"1.24.10.18",3,"tiabaya_3"
"1.24.10.19",3,"tiabaya_3"
"1.24.10.20",3,"tiabaya_3"
"1.24.10.21",3,"tiabaya_3"
"1.24.10.22",3,"tiabaya_3"
"1.24.10.23",3,"tiabaya_3"
"1.24.10.24",3,"tiabaya_3"
"1.24.10.25",3,"tiabaya_3"
"1.24.10.25A",3,"tiabaya_3"
"1.24.10.26",3,"tiabaya_3"
"1.24.10.27",3,"tiabaya_3"
"1.24.10.28",3,"tiabaya_3"
"1.24.10.7",3,"tiabaya_3"
"1.24.10.8",3,"tiabaya_3"
"1.24.10.9",3,"tiabaya_3"
"1.24.10.29",3,"tiabaya_3"
"1.24.10.30",3,"tiabaya_3"
"1.24.10.31",3,"tiabaya_3"
"1.24.10.32",3,"tiabaya_3"
"1.24.10.33",3,"tiabaya_3"
"1.24.10.34",3,"tiabaya_3"
"1.24.10.35",3,"tiabaya_3"
"1.24.10.36",3,"tiabaya_3"
"1.24.10.37",3,"tiabaya_3"
"1.24.10.38",3,"tiabaya_3"
"1.24.10.39",3,"tiabaya_3"
"1.24.10.40",3,"tiabaya_3"
"1.24.10.41",3,"tiabaya_3"
"1.24.10.42",3,"tiabaya_3"
"1.24.10.43",3,"tiabaya_3"
"1.24.10.44",3,"tiabaya_3"
"1.24.10.45",3,"tiabaya_3"
"1.24.10.46",3,"tiabaya_3"
"1.24.10.47",3,"tiabaya_3"
"1.24.10.48",3,"tiabaya_3"
"1.24.10.48A",3,"tiabaya_3"
"1.24.10.49",3,"tiabaya_3"
"1.24.10.50",3,"tiabaya_3"
"1.24.10.51",3,"tiabaya_3"
"1.24.10.52",3,"tiabaya_3"
"1.24.10.53",3,"tiabaya_3"
"1.24.10.54",3,"tiabaya_3"
"1.24.10.55",3,"tiabaya_3"
"1.24.10.56",3,"tiabaya_3"
"1.24.10.57",3,"tiabaya_3"
"1.24.10.58",3,"tiabaya_3"
"1.24.10.59",3,"tiabaya_3"
"1.24.10.60",3,"tiabaya_3"
"1.24.10.61",3,"tiabaya_3"
"1.24.10.62",3,"tiabaya_3"
"1.24.10.63",3,"tiabaya_3"
"1.24.10.64",3,"tiabaya_3"
"1.24.10.64A",3,"tiabaya_3"
"1.24.10.65",3,"tiabaya_3"
"1.24.10.66",3,"tiabaya_3"
"1.24.10.67",3,"tiabaya_3"
"1.24.10.68",3,"tiabaya_3"
"1.24.10.69",3,"tiabaya_3"
"1.24.10.70",3,"tiabaya_3"
"1.24.10.71",3,"tiabaya_3"
"1.24.10.72",3,"tiabaya_3"
"1.24.10.73",3,"tiabaya_3"
"1.24.10.74",3,"tiabaya_3"
"1.24.10.75",3,"tiabaya_3"
"1.24.10.76",3,"tiabaya_3"
"1.24.10.77",3,"tiabaya_3"
"1.24.10.78",3,"tiabaya_3"
"1.24.10.79",3,"tiabaya_3"
"1.24.10.80",3,"tiabaya_3"
"1.24.10.81",3,"tiabaya_3"
"1.24.10.82",3,"tiabaya_3"
"1.24.10.83",3,"tiabaya_3"
"1.24.10.84",3,"tiabaya_3"
"1.24.10.85",3,"tiabaya_3"
"1.24.10.86",3,"tiabaya_3"
"1.24.10.100",3,"tiabaya_3"
"1.24.10.101",3,"tiabaya_3"
"1.24.10.102",3,"tiabaya_3"
"1.24.10.103",3,"tiabaya_3"
"1.24.10.104",3,"tiabaya_3"
"1.24.10.107",3,"tiabaya_3"
"1.24.10.108",3,"tiabaya_3"
"1.24.10.109",3,"tiabaya_3"
"1.24.10.110",3,"tiabaya_3"
"1.24.10.111",3,"tiabaya_3"
"1.24.10.112",3,"tiabaya_3"
"1.24.10.113",3,"tiabaya_3"
"1.24.10.114",3,"tiabaya_3"
"1.24.10.115",3,"tiabaya_3"
"1.24.10.116",3,"tiabaya_3"
"1.24.10.87",3,"tiabaya_3"
"1.24.10.87A",3,"tiabaya_3"
"1.24.10.88",3,"tiabaya_3"
"1.24.10.89",3,"tiabaya_3"
"1.24.10.90",3,"tiabaya_3"
"1.24.10.91",3,"tiabaya_3"
"1.24.10.92",3,"tiabaya_3"
"1.24.10.93",3,"tiabaya_3"
"1.24.10.94",3,"tiabaya_3"
"1.24.10.95",3,"tiabaya_3"
"1.24.10.96",3,"tiabaya_3"
"1.24.10.97",3,"tiabaya_3"
"1.24.10.98",3,"tiabaya_3"
"1.24.10.99",3,"tiabaya_3"
"1.24.10.105",3,"tiabaya_3"
"1.24.10.106",3,"tiabaya_3"
"1.24.10.117",3,"tiabaya_3"
"1.24.10.118",3,"tiabaya_3"
"1.24.10.119",3,"tiabaya_3"
"1.24.10.120",3,"tiabaya_3"
"1.24.10.121",3,"tiabaya_3"
"1.24.10.122",3,"tiabaya_3"
"1.24.10.123",3,"tiabaya_3"
"1.24.10.124",3,"tiabaya_3"
"1.24.10.125",3,"tiabaya_3"
"1.24.10.126",3,"tiabaya_3"
"1.24.10.127",3,"tiabaya_3"
"1.24.10.128",3,"tiabaya_3"
"1.24.10.129",3,"tiabaya_3"
"1.24.10.130",3,"tiabaya_3"
"1.24.10.131",3,"tiabaya_3"
"1.24.10.132",3,"tiabaya_3"
"1.24.10.133",3,"tiabaya_3"
"1.24.10.134",3,"tiabaya_3"
"1.24.10.134A",3,"tiabaya_3"
"1.24.10.134B",3,"tiabaya_3"
"1.24.10.134C",3,"tiabaya_3"
"1.24.10.134D",3,"tiabaya_3"
"1.24.10.134E",3,"tiabaya_3"
"1.24.10.134F",3,"tiabaya_3"
"1.24.10.134G",3,"tiabaya_3"
"1.24.10.134H",3,"tiabaya_3"
"1.24.11.1",3,"tiabaya_3"
"1.24.11.2",3,"tiabaya_3"
"1.24.11.3",3,"tiabaya_3"
"1.24.11.4",3,"tiabaya_3"
"1.24.11.5",3,"tiabaya_3"
"1.24.11.6",3,"tiabaya_3"
"1.24.11.6A",3,"tiabaya_3"
"1.24.11.10",3,"tiabaya_3"
"1.24.11.11",3,"tiabaya_3"
"1.24.11.12",3,"tiabaya_3"
"1.24.11.13",3,"tiabaya_3"
"1.24.11.19",3,"tiabaya_3"
"1.24.11.20",3,"tiabaya_3"
"1.24.11.21",3,"tiabaya_3"
"1.24.11.22",3,"tiabaya_3"
"1.24.11.23",3,"tiabaya_3"
"1.24.11.24",3,"tiabaya_3"
"1.24.11.25",3,"tiabaya_3"
"1.24.11.26",3,"tiabaya_3"
"1.24.11.27",3,"tiabaya_3"
"1.24.11.28",3,"tiabaya_3"
"1.24.11.29",3,"tiabaya_3"
"1.24.11.7",3,"tiabaya_3"
"1.24.11.8",3,"tiabaya_3"
"1.24.11.9",3,"tiabaya_3"
"1.24.11.14",3,"tiabaya_3"
"1.24.11.15",3,"tiabaya_3"
"1.24.11.16",3,"tiabaya_3"
"1.24.11.17",3,"tiabaya_3"
"1.24.11.18",3,"tiabaya_3"
"1.24.11.30",3,"tiabaya_3"
"1.24.11.31",3,"tiabaya_3"
"1.24.11.32",3,"tiabaya_3"
"1.24.11.33",3,"tiabaya_3"
"1.24.11.34",3,"tiabaya_3"
"1.24.11.35",3,"tiabaya_3"
"1.24.11.36",3,"tiabaya_3"
"1.24.11.37",3,"tiabaya_3"
"1.24.11.38",3,"tiabaya_3"
"1.24.11.39",3,"tiabaya_3"
"1.24.11.40",3,"tiabaya_3"
"1.24.11.41",3,"tiabaya_3"
"1.24.11.42",3,"tiabaya_3"
"1.24.11.43",3,"tiabaya_3"
"1.24.11.44",3,"tiabaya_3"
"1.24.11.45",3,"tiabaya_3"
"1.24.11.46",3,"tiabaya_3"
"1.24.11.47",3,"tiabaya_3"
"1.24.11.48",3,"tiabaya_3"
"1.24.11.49",3,"tiabaya_3"
"1.24.11.50",3,"tiabaya_3"
"1.24.11.51",3,"tiabaya_3"
"1.24.11.52",3,"tiabaya_3"
"1.24.11.53",3,"tiabaya_3"
"1.24.11.54",3,"tiabaya_3"
"1.24.11.55",3,"tiabaya_3"
"1.24.11.56",3,"tiabaya_3"
"1.24.11.57",3,"tiabaya_3"
"1.24.11.58",3,"tiabaya_3"
"1.24.11.58A",3,"tiabaya_3"
"1.24.11.59",3,"tiabaya_3"
"1.24.11.60",3,"tiabaya_3"
"1.24.11.61",3,"tiabaya_3"
"1.24.11.62",3,"tiabaya_3"
"1.24.11.63",3,"tiabaya_3"
"1.24.11.64",3,"tiabaya_3"
"1.24.11.65",3,"tiabaya_3"
"1.24.11.66",3,"tiabaya_3"
"1.24.11.67",3,"tiabaya_3"
"1.24.11.68",3,"tiabaya_3"
"1.24.11.69",3,"tiabaya_3"
"1.24.11.70",3,"tiabaya_3"
"1.24.11.71",3,"tiabaya_3"
"1.24.11.72",3,"tiabaya_3"
"1.24.11.73",3,"tiabaya_3"
"1.24.11.74",3,"tiabaya_3"
"1.24.11.75",3,"tiabaya_3"
"1.24.11.76",3,"tiabaya_3"
"1.24.11.77",3,"tiabaya_3"
"1.24.11.78",3,"tiabaya_3"
"1.24.11.79",3,"tiabaya_3"
"1.24.11.80",3,"tiabaya_3"
"1.24.11.81",3,"tiabaya_3"
"1.24.11.82",3,"tiabaya_3"
"1.24.11.83",3,"tiabaya_3"
"1.24.11.84",3,"tiabaya_3"
"1.24.11.85",3,"tiabaya_3"
"1.24.11.86",3,"tiabaya_3"
"1.24.11.87",3,"tiabaya_3"
"1.24.11.87A",3,"tiabaya_3"
"1.24.11.88",3,"tiabaya_3"
"1.24.11.89",3,"tiabaya_3"
"1.24.11.90",3,"tiabaya_3"
"1.24.11.91",3,"tiabaya_3"
"1.24.11.100",3,"tiabaya_3"
"1.24.11.101",3,"tiabaya_3"
"1.24.11.102",3,"tiabaya_3"
"1.24.11.103",3,"tiabaya_3"
"1.24.11.104",3,"tiabaya_3"
"1.24.11.92",3,"tiabaya_3"
"1.24.11.93",3,"tiabaya_3"
"1.24.11.94",3,"tiabaya_3"
"1.24.11.95",3,"tiabaya_3"
"1.24.11.96",3,"tiabaya_3"
"1.24.11.97",3,"tiabaya_3"
"1.24.11.98",3,"tiabaya_3"
"1.24.11.99",3,"tiabaya_3"
"1.24.11.105",3,"tiabaya_3"
"1.24.11.106",3,"tiabaya_3"
"1.24.11.107",3,"tiabaya_3"
"1.24.11.108",3,"tiabaya_3"
"1.24.11.109",3,"tiabaya_3"
"1.24.11.110",3,"tiabaya_3"
"1.24.11.111",3,"tiabaya_3"
"1.24.11.112",3,"tiabaya_3"
"1.24.11.113",3,"tiabaya_3"
"1.24.11.114",3,"tiabaya_3"
"1.24.11.115",3,"tiabaya_3"
"1.24.11.144A",3,"tiabaya_3"
"1.24.11.116",3,"tiabaya_3"
"1.24.11A.1",3,"tiabaya_3"
"1.24.11A.10",3,"tiabaya_3"
"1.24.11A.100",3,"tiabaya_3"
"1.24.11A.101",3,"tiabaya_3"
"1.24.11A.102",3,"tiabaya_3"
"1.24.11A.103",3,"tiabaya_3"
"1.24.11A.104",3,"tiabaya_3"
"1.24.11A.105",3,"tiabaya_3"
"1.24.11A.106",3,"tiabaya_3"
"1.24.11A.107",3,"tiabaya_3"
"1.24.11A.108",3,"tiabaya_3"
"1.24.11A.109",3,"tiabaya_3"
"1.24.11A.11",3,"tiabaya_3"
"1.24.11A.110",3,"tiabaya_3"
"1.24.11A.111",3,"tiabaya_3"
"1.24.11A.112",3,"tiabaya_3"
"1.24.11A.113",3,"tiabaya_3"
"1.24.11A.114",3,"tiabaya_3"
"1.24.11A.115",3,"tiabaya_3"
"1.24.11A.116",3,"tiabaya_3"
"1.24.11A.117",3,"tiabaya_3"
"1.24.11A.118",3,"tiabaya_3"
"1.24.11A.119",3,"tiabaya_3"
"1.24.11A.12",3,"tiabaya_3"
"1.24.11A.120",3,"tiabaya_3"
"1.24.11A.121",3,"tiabaya_3"
"1.24.11A.122",3,"tiabaya_3"
"1.24.11A.123",3,"tiabaya_3"
"1.24.11A.124",3,"tiabaya_3"
"1.24.11A.125",3,"tiabaya_3"
"1.24.11A.126",3,"tiabaya_3"
"1.24.11A.127",3,"tiabaya_3"
"1.24.11A.128",3,"tiabaya_3"
"1.24.11A.129",3,"tiabaya_3"
"1.24.11A.13",3,"tiabaya_3"
"1.24.11A.130",3,"tiabaya_3"
"1.24.11A.131",3,"tiabaya_3"
"1.24.11A.132",3,"tiabaya_3"
"1.24.11A.133",3,"tiabaya_3"
"1.24.11A.134",3,"tiabaya_3"
"1.24.11A.135",3,"tiabaya_3"
"1.24.11A.136",3,"tiabaya_3"
"1.24.11A.137",3,"tiabaya_3"
"1.24.11A.138",3,"tiabaya_3"
"1.24.11A.139",3,"tiabaya_3"
"1.24.11A.14",3,"tiabaya_3"
"1.24.11A.140",3,"tiabaya_3"
"1.24.11A.141",3,"tiabaya_3"
"1.24.11A.142",3,"tiabaya_3"
"1.24.11A.143",3,"tiabaya_3"
"1.24.11A.144",3,"tiabaya_3"
"1.24.11A.145",3,"tiabaya_3"
"1.24.11A.146",3,"tiabaya_3"
"1.24.11A.147",3,"tiabaya_3"
"1.24.11A.148",3,"tiabaya_3"
"1.24.11A.149",3,"tiabaya_3"
"1.24.11A.15",3,"tiabaya_3"
"1.24.11A.150",3,"tiabaya_3"
"1.24.11A.151",3,"tiabaya_3"
"1.24.11A.152",3,"tiabaya_3"
"1.24.11A.153",3,"tiabaya_3"
"1.24.11A.154",3,"tiabaya_3"
"1.24.11A.155",3,"tiabaya_3"
"1.24.11A.156",3,"tiabaya_3"
"1.24.11A.157",3,"tiabaya_3"
"1.24.11A.158",3,"tiabaya_3"
"1.24.11A.159",3,"tiabaya_3"
"1.24.11A.16",3,"tiabaya_3"
"1.24.11A.160",3,"tiabaya_3"
"1.24.11A.161",3,"tiabaya_3"
"1.24.11A.162",3,"tiabaya_3"
"1.24.11A.163",3,"tiabaya_3"
"1.24.11A.164",3,"tiabaya_3"
"1.24.11A.165",3,"tiabaya_3"
"1.24.11A.166",3,"tiabaya_3"
"1.24.11A.167",3,"tiabaya_3"
"1.24.11A.168",3,"tiabaya_3"
"1.24.11A.169",3,"tiabaya_3"
"1.24.11A.17",3,"tiabaya_3"
"1.24.11A.170",3,"tiabaya_3"
"1.24.11A.171",3,"tiabaya_3"
"1.24.11A.172",3,"tiabaya_3"
"1.24.11A.173",3,"tiabaya_3"
"1.24.11A.174",3,"tiabaya_3"
"1.24.11A.175",3,"tiabaya_3"
"1.24.11A.176",3,"tiabaya_3"
"1.24.11A.177",3,"tiabaya_3"
"1.24.11A.178",3,"tiabaya_3"
"1.24.11A.179",3,"tiabaya_3"
"1.24.11A.18",3,"tiabaya_3"
"1.24.11A.180",3,"tiabaya_3"
"1.24.11A.181",3,"tiabaya_3"
"1.24.11A.182",3,"tiabaya_3"
"1.24.11A.183",3,"tiabaya_3"
"1.24.11A.184",3,"tiabaya_3"
"1.24.11A.185",3,"tiabaya_3"
"1.24.11A.186",3,"tiabaya_3"
"1.24.11A.187",3,"tiabaya_3"
"1.24.11A.188",3,"tiabaya_3"
"1.24.11A.189",3,"tiabaya_3"
"1.24.11A.19",3,"tiabaya_3"
"1.24.11A.190",3,"tiabaya_3"
"1.24.11A.191",3,"tiabaya_3"
"1.24.11A.192",3,"tiabaya_3"
"1.24.11A.193",3,"tiabaya_3"
"1.24.11A.194",3,"tiabaya_3"
"1.24.11A.195",3,"tiabaya_3"
"1.24.11A.196",3,"tiabaya_3"
"1.24.11A.197",3,"tiabaya_3"
"1.24.11A.198",3,"tiabaya_3"
"1.24.11A.199",3,"tiabaya_3"
"1.24.11A.2",3,"tiabaya_3"
"1.24.11A.20",3,"tiabaya_3"
"1.24.11A.200",3,"tiabaya_3"
"1.24.11A.201",3,"tiabaya_3"
"1.24.11A.202",3,"tiabaya_3"
"1.24.11A.203",3,"tiabaya_3"
"1.24.11A.204",3,"tiabaya_3"
"1.24.11A.21",3,"tiabaya_3"
"1.24.11A.22",3,"tiabaya_3"
"1.24.11A.23",3,"tiabaya_3"
"1.24.11A.24",3,"tiabaya_3"
"1.24.11A.25",3,"tiabaya_3"
"1.24.11A.26",3,"tiabaya_3"
"1.24.11A.27",3,"tiabaya_3"
"1.24.11A.28",3,"tiabaya_3"
"1.24.11A.29",3,"tiabaya_3"
"1.24.11A.3",3,"tiabaya_3"
"1.24.11A.30",3,"tiabaya_3"
"1.24.11A.31",3,"tiabaya_3"
"1.24.11A.32",3,"tiabaya_3"
"1.24.11A.33",3,"tiabaya_3"
"1.24.11A.34",3,"tiabaya_3"
"1.24.11A.35",3,"tiabaya_3"
"1.24.11A.36",3,"tiabaya_3"
"1.24.11A.37",3,"tiabaya_3"
"1.24.11A.38",3,"tiabaya_3"
"1.24.11A.39",3,"tiabaya_3"
"1.24.11A.4",3,"tiabaya_3"
"1.24.11A.40",3,"tiabaya_3"
"1.24.11A.41",3,"tiabaya_3"
"1.24.11A.42",3,"tiabaya_3"
"1.24.11A.43",3,"tiabaya_3"
"1.24.11A.44",3,"tiabaya_3"
"1.24.11A.45",3,"tiabaya_3"
"1.24.11A.46",3,"tiabaya_3"
"1.24.11A.47",3,"tiabaya_3"
"1.24.11A.48",3,"tiabaya_3"
"1.24.11A.49",3,"tiabaya_3"
"1.24.11A.5",3,"tiabaya_3"
"1.24.11A.50",3,"tiabaya_3"
"1.24.11A.51",3,"tiabaya_3"
"1.24.11A.52",3,"tiabaya_3"
"1.24.11A.53",3,"tiabaya_3"
"1.24.11A.54",3,"tiabaya_3"
"1.24.11A.55",3,"tiabaya_3"
"1.24.11A.56",3,"tiabaya_3"
"1.24.11A.57",3,"tiabaya_3"
"1.24.11A.58",3,"tiabaya_3"
"1.24.11A.59",3,"tiabaya_3"
"1.24.11A.6",3,"tiabaya_3"
"1.24.11A.60",3,"tiabaya_3"
"1.24.11A.61",3,"tiabaya_3"
"1.24.11A.62",3,"tiabaya_3"
"1.24.11A.63",3,"tiabaya_3"
"1.24.11A.64",3,"tiabaya_3"
"1.24.11A.65",3,"tiabaya_3"
"1.24.11A.66",3,"tiabaya_3"
"1.24.11A.67",3,"tiabaya_3"
"1.24.11A.68",3,"tiabaya_3"
"1.24.11A.69",3,"tiabaya_3"
"1.24.11A.7",3,"tiabaya_3"
"1.24.11A.70",3,"tiabaya_3"
"1.24.11A.71",3,"tiabaya_3"
"1.24.11A.72",3,"tiabaya_3"
"1.24.11A.73",3,"tiabaya_3"
"1.24.11A.74",3,"tiabaya_3"
"1.24.11A.75",3,"tiabaya_3"
"1.24.11A.76",3,"tiabaya_3"
"1.24.11A.77",3,"tiabaya_3"
"1.24.11A.78",3,"tiabaya_3"
"1.24.11A.79",3,"tiabaya_3"
"1.24.11A.8",3,"tiabaya_3"
"1.24.11A.80",3,"tiabaya_3"
"1.24.11A.81",3,"tiabaya_3"
"1.24.11A.82",3,"tiabaya_3"
"1.24.11A.83",3,"tiabaya_3"
"1.24.11A.84",3,"tiabaya_3"
"1.24.11A.85",3,"tiabaya_3"
"1.24.11A.86",3,"tiabaya_3"
"1.24.11A.87",3,"tiabaya_3"
"1.24.11A.88",3,"tiabaya_3"
"1.24.11A.89",3,"tiabaya_3"
"1.24.11A.9",3,"tiabaya_3"
"1.24.11A.90",3,"tiabaya_3"
"1.24.11A.91",3,"tiabaya_3"
"1.24.11A.92",3,"tiabaya_3"
"1.24.11A.93",3,"tiabaya_3"
"1.24.11A.94",3,"tiabaya_3"
"1.24.11A.95",3,"tiabaya_3"
"1.24.11A.96",3,"tiabaya_3"
"1.24.11A.97",3,"tiabaya_3"
"1.24.11A.98",3,"tiabaya_3"
"1.24.11A.99",3,"tiabaya_3"
"1.24.12.1",1,"tiabaya_1"
"1.24.12.10",1,"tiabaya_1"
"1.24.12.11",1,"tiabaya_1"
"1.24.12.12",1,"tiabaya_1"
"1.24.12.13",1,"tiabaya_1"
"1.24.12.13A",1,"tiabaya_1"
"1.24.12.13B",1,"tiabaya_1"
"1.24.12.13C",1,"tiabaya_1"
"1.24.12.13D",1,"tiabaya_1"
"1.24.12.14",1,"tiabaya_1"
"1.24.12.2",1,"tiabaya_1"
"1.24.12.3",1,"tiabaya_1"
"1.24.12.4",1,"tiabaya_1"
"1.24.12.5",1,"tiabaya_1"
"1.24.12.6",1,"tiabaya_1"
"1.24.12.6A",1,"tiabaya_1"
"1.24.12.7",1,"tiabaya_1"
"1.24.12.8",1,"tiabaya_1"
"1.24.12.9",1,"tiabaya_1"
"1.24.13.1",3,"tiabaya_3"
"1.24.13.2",3,"tiabaya_3"
"1.24.13.3",3,"tiabaya_3"
"1.24.13.4",3,"tiabaya_3"
"1.24.13.5",3,"tiabaya_3"
"1.24.13.6",3,"tiabaya_3"
"1.24.13.7",3,"tiabaya_3"
"1.24.13.8",3,"tiabaya_3"
"1.24.13.8A",3,"tiabaya_3"
"1.24.13.10",3,"tiabaya_3"
"1.24.13.11",3,"tiabaya_3"
"1.24.13.9",3,"tiabaya_3"
"1.24.13.12",3,"tiabaya_3"
"1.24.13.13",3,"tiabaya_3"
"1.24.13.14",3,"tiabaya_3"
"1.24.13.15",3,"tiabaya_3"
"1.24.13.16",3,"tiabaya_3"
"1.24.13.17",3,"tiabaya_3"
"1.24.13.18",3,"tiabaya_3"
"1.24.13.19",3,"tiabaya_3"
"1.24.13.20",3,"tiabaya_3"
"1.24.13.21",3,"tiabaya_3"
"1.24.13.21A",3,"tiabaya_3"
"1.24.13.22",3,"tiabaya_3"
"1.24.13.23",3,"tiabaya_3"
"1.24.13.24",3,"tiabaya_3"
"1.24.13.47",3,"tiabaya_3"
"1.24.13.48",3,"tiabaya_3"
"1.24.13.49",3,"tiabaya_3"
"1.24.13.50",3,"tiabaya_3"
"1.24.13.51",3,"tiabaya_3"
"1.24.13.52",3,"tiabaya_3"
"1.24.13.53",3,"tiabaya_3"
"1.24.13.28",3,"tiabaya_3"
"1.24.13.29",3,"tiabaya_3"
"1.24.13.30",3,"tiabaya_3"
"1.24.13.31",3,"tiabaya_3"
"1.24.13.32",3,"tiabaya_3"
"1.24.13.33",3,"tiabaya_3"
"1.24.13.34",3,"tiabaya_3"
"1.24.13.35",3,"tiabaya_3"
"1.24.13.36",3,"tiabaya_3"
"1.24.13.37",3,"tiabaya_3"
"1.24.13.38",3,"tiabaya_3"
"1.24.13.39",3,"tiabaya_3"
"1.24.13.40",3,"tiabaya_3"
"1.24.13.41",3,"tiabaya_3"
"1.24.13.25",3,"tiabaya_3"
"1.24.13.26",3,"tiabaya_3"
"1.24.13.27",3,"tiabaya_3"
"1.24.13.42",3,"tiabaya_3"
"1.24.13.43",3,"tiabaya_3"
"1.24.13.44",3,"tiabaya_3"
"1.24.13.45",3,"tiabaya_3"
"1.24.13.46",3,"tiabaya_3"
"1.24.13.54",3,"tiabaya_3"
"1.24.13.54A",3,"tiabaya_3"
"1.24.13.55",3,"tiabaya_3"
"1.24.13.56",3,"tiabaya_3"
"1.24.13.57",3,"tiabaya_3"
"1.24.13A.1",3,"tiabaya_3"
"1.24.13A.10",3,"tiabaya_3"
"1.24.13A.11",3,"tiabaya_3"
"1.24.13A.12",3,"tiabaya_3"
"1.24.13A.13",3,"tiabaya_3"
"1.24.13A.14",3,"tiabaya_3"
"1.24.13A.15",3,"tiabaya_3"
"1.24.13A.16",3,"tiabaya_3"
"1.24.13A.17",3,"tiabaya_3"
"1.24.13A.18",3,"tiabaya_3"
"1.24.13A.19",3,"tiabaya_3"
"1.24.13A.2",3,"tiabaya_3"
"1.24.13A.20",3,"tiabaya_3"
"1.24.13A.21",3,"tiabaya_3"
"1.24.13A.22",3,"tiabaya_3"
"1.24.13A.23",3,"tiabaya_3"
"1.24.13A.24",3,"tiabaya_3"
"1.24.13A.25",3,"tiabaya_3"
"1.24.13A.26",3,"tiabaya_3"
"1.24.13A.27",3,"tiabaya_3"
"1.24.13A.28",3,"tiabaya_3"
"1.24.13A.29",3,"tiabaya_3"
"1.24.13A.3",3,"tiabaya_3"
"1.24.13A.30",3,"tiabaya_3"
"1.24.13A.4",3,"tiabaya_3"
"1.24.13A.5",3,"tiabaya_3"
"1.24.13A.6",3,"tiabaya_3"
"1.24.13A.7",3,"tiabaya_3"
"1.24.13A.8",3,"tiabaya_3"
"1.24.13A.9",3,"tiabaya_3"
"1.24.14.1",1,"tiabaya_1"
"1.24.14.10",1,"tiabaya_1"
"1.24.14.11",1,"tiabaya_1"
"1.24.14.12",1,"tiabaya_1"
"1.24.14.13",1,"tiabaya_1"
"1.24.14.14",1,"tiabaya_1"
"1.24.14.15",1,"tiabaya_1"
"1.24.14.16",1,"tiabaya_1"
"1.24.14.17",1,"tiabaya_1"
"1.24.14.18",1,"tiabaya_1"
"1.24.14.19",1,"tiabaya_1"
"1.24.14.2",1,"tiabaya_1"
"1.24.14.20",1,"tiabaya_1"
"1.24.14.21",1,"tiabaya_1"
"1.24.14.3",1,"tiabaya_1"
"1.24.14.4",1,"tiabaya_1"
"1.24.14.5",1,"tiabaya_1"
"1.24.14.6",1,"tiabaya_1"
"1.24.14.7",1,"tiabaya_1"
"1.24.14.7A",1,"tiabaya_1"
"1.24.14.8",1,"tiabaya_1"
"1.24.14.9",1,"tiabaya_1"
"1.24.14.22",1,"tiabaya_1"
"1.24.14.22A",1,"tiabaya_1"
"1.24.14.23",1,"tiabaya_1"
"1.24.14.24",1,"tiabaya_1"
"1.24.14.25",1,"tiabaya_1"
"1.24.14.26",1,"tiabaya_1"
"1.24.14.27",1,"tiabaya_1"
"1.24.14.28",1,"tiabaya_1"
"1.24.14.29",1,"tiabaya_1"
"1.24.14.30",1,"tiabaya_1"
"1.24.14.31",1,"tiabaya_1"
"1.24.14.32",1,"tiabaya_1"
"1.24.14.33",1,"tiabaya_1"
"1.24.14.34",1,"tiabaya_1"
"1.24.14.35",1,"tiabaya_1"
"1.24.14.36",1,"tiabaya_1"
"1.24.14.37",1,"tiabaya_1"
"1.24.14.37A",1,"tiabaya_1"
"1.24.14.38",1,"tiabaya_1"
"1.24.14.39",1,"tiabaya_1"
"1.24.14.59",1,"tiabaya_1"
"1.24.14.60",1,"tiabaya_1"
"1.24.14.40",1,"tiabaya_1"
"1.24.14.41",1,"tiabaya_1"
"1.24.14.42",1,"tiabaya_1"
"1.24.14.43",1,"tiabaya_1"
"1.24.14.43A",1,"tiabaya_1"
"1.24.14.44",1,"tiabaya_1"
"1.24.14.45",1,"tiabaya_1"
"1.24.14.46",1,"tiabaya_1"
"1.24.14.47",1,"tiabaya_1"
"1.24.14.48",1,"tiabaya_1"
"1.24.14.49",1,"tiabaya_1"
"1.24.14.50",1,"tiabaya_1"
"1.24.14.51",1,"tiabaya_1"
"1.24.14.52",1,"tiabaya_1"
"1.24.14.52A",1,"tiabaya_1"
"1.24.14.52B",1,"tiabaya_1"
"1.24.14.52C",1,"tiabaya_1"
"1.24.14.53",1,"tiabaya_1"
"1.24.14.54",1,"tiabaya_1"
"1.24.14.55",1,"tiabaya_1"
"1.24.14.56",1,"tiabaya_1"
"1.24.14.57",1,"tiabaya_1"
"1.24.14.58",1,"tiabaya_1"
"1.24.14.61",1,"tiabaya_1"
"1.24.14.62",1,"tiabaya_1"
"1.24.14.63",1,"tiabaya_1"
"1.24.14.64",1,"tiabaya_1"
"1.24.14.65",1,"tiabaya_1"
"1.24.14.66",1,"tiabaya_1"
"1.24.14.67",1,"tiabaya_1"
"1.24.14.72",1,"tiabaya_1"
"1.24.14.73",1,"tiabaya_1"
"1.24.14.68",1,"tiabaya_1"
"1.24.14.69",1,"tiabaya_1"
"1.24.14.70",1,"tiabaya_1"
"1.24.14.71",1,"tiabaya_1"
"1.24.14.80",1,"tiabaya_1"
"1.24.14.74",1,"tiabaya_1"
"1.24.14.75",1,"tiabaya_1"
"1.24.14.76",1,"tiabaya_1"
"1.24.14.77",1,"tiabaya_1"
"1.24.14.78",1,"tiabaya_1"
"1.24.14.79",1,"tiabaya_1"
"1.24.14.81",1,"tiabaya_1"
"1.24.14.82",1,"tiabaya_1"
"1.24.14.100",1,"tiabaya_1"
"1.24.14.101",1,"tiabaya_1"
"1.24.14.102",1,"tiabaya_1"
"1.24.14.103",1,"tiabaya_1"
"1.24.14.104",1,"tiabaya_1"
"1.24.14.105",1,"tiabaya_1"
"1.24.14.106",1,"tiabaya_1"
"1.24.14.107",1,"tiabaya_1"
"1.24.14.108",1,"tiabaya_1"
"1.24.14.109",1,"tiabaya_1"
"1.24.14.110",1,"tiabaya_1"
"1.24.14.111",1,"tiabaya_1"
"1.24.14.83",1,"tiabaya_1"
"1.24.14.84",1,"tiabaya_1"
"1.24.14.85",1,"tiabaya_1"
"1.24.14.86",1,"tiabaya_1"
"1.24.14.87",1,"tiabaya_1"
"1.24.14.88",1,"tiabaya_1"
"1.24.14.89",1,"tiabaya_1"
"1.24.14.90",1,"tiabaya_1"
"1.24.14.91",1,"tiabaya_1"
"1.24.14.92",1,"tiabaya_1"
"1.24.14.93",1,"tiabaya_1"
"1.24.14.93A",1,"tiabaya_1"
"1.24.14.94",1,"tiabaya_1"
"1.24.14.95",1,"tiabaya_1"
"1.24.14.96",1,"tiabaya_1"
"1.24.14.97",1,"tiabaya_1"
"1.24.14.98",1,"tiabaya_1"
"1.24.14.99",1,"tiabaya_1"
"1.24.14.112",1,"tiabaya_1"
"1.24.14.113",1,"tiabaya_1"
"1.24.14.114",1,"tiabaya_1"
"1.24.14.115",1,"tiabaya_1"
"1.24.14.116",1,"tiabaya_1"
"1.24.14.126",1,"tiabaya_1"
"1.24.14.127",1,"tiabaya_1"
"1.24.14.117",1,"tiabaya_1"
"1.24.14.118",1,"tiabaya_1"
"1.24.14.119",1,"tiabaya_1"
"1.24.14.120",1,"tiabaya_1"
"1.24.14.121",1,"tiabaya_1"
"1.24.14.122",1,"tiabaya_1"
"1.24.14.123",1,"tiabaya_1"
"1.24.14.124",1,"tiabaya_1"
"1.24.14.125",1,"tiabaya_1"
"1.24.14.128",1,"tiabaya_1"
"1.24.14.129",1,"tiabaya_1"
"1.24.14.130",1,"tiabaya_1"
"1.24.14.131",1,"tiabaya_1"
"1.24.14.132",1,"tiabaya_1"
"1.24.14.133",1,"tiabaya_1"
"1.24.2.1",1,"tiabaya_1"
"1.24.2.10",1,"tiabaya_1"
"1.24.2.2",1,"tiabaya_1"
"1.24.2.3",1,"tiabaya_1"
"1.24.2.4",1,"tiabaya_1"
"1.24.2.5",1,"tiabaya_1"
"1.24.2.6",1,"tiabaya_1"
"1.24.2.7",1,"tiabaya_1"
"1.24.2.8",1,"tiabaya_1"
"1.24.2.9",1,"tiabaya_1"
"1.24.2.11",1,"tiabaya_1"
"1.24.2.12",1,"tiabaya_1"
"1.24.2.13",1,"tiabaya_1"
"1.24.2.13A",1,"tiabaya_1"
"1.24.2.14",1,"tiabaya_1"
"1.24.2.14A",1,"tiabaya_1"
"1.24.2.15",1,"tiabaya_1"
"1.24.2.16",1,"tiabaya_1"
"1.24.2.17",1,"tiabaya_1"
"1.24.2.18",1,"tiabaya_1"
"1.24.2.19",1,"tiabaya_1"
"1.24.2.20",1,"tiabaya_1"
"1.24.2.21",1,"tiabaya_1"
"1.24.2.22",1,"tiabaya_1"
"1.24.2.23",1,"tiabaya_1"
"1.24.2.24",1,"tiabaya_1"
"1.24.2.25",1,"tiabaya_1"
"1.24.2.26",1,"tiabaya_1"
"1.24.2.27",1,"tiabaya_1"
"1.24.2.28",1,"tiabaya_1"
"1.24.2.29",1,"tiabaya_1"
"1.24.2.30",1,"tiabaya_1"
"1.24.2.31",1,"tiabaya_1"
"1.24.2.32",1,"tiabaya_1"
"1.24.2.33",1,"tiabaya_1"
"1.24.2.34",1,"tiabaya_1"
"1.24.2.35",1,"tiabaya_1"
"1.24.2.36",1,"tiabaya_1"
"1.24.2.37",1,"tiabaya_1"
"1.24.2.38",1,"tiabaya_1"
"1.24.2.39",1,"tiabaya_1"
"1.24.2.40",1,"tiabaya_1"
"1.24.2.41",1,"tiabaya_1"
"1.24.2.42",1,"tiabaya_1"
"1.24.2.43",1,"tiabaya_1"
"1.24.2.44",1,"tiabaya_1"
"1.24.2.45",1,"tiabaya_1"
"1.24.2.46",1,"tiabaya_1"
"1.24.2.47",1,"tiabaya_1"
"1.24.2.48",1,"tiabaya_1"
"1.24.2.49",1,"tiabaya_1"
"1.24.2.50",1,"tiabaya_1"
"1.24.2.51",1,"tiabaya_1"
"1.24.2.52",1,"tiabaya_1"
"1.24.2.53",1,"tiabaya_1"
"1.24.2.54",1,"tiabaya_1"
"1.24.2.55",1,"tiabaya_1"
"1.24.2.56",1,"tiabaya_1"
"1.24.2.57",1,"tiabaya_1"
"1.24.2.58",1,"tiabaya_1"
"1.24.2.59",1,"tiabaya_1"
"1.24.2.60",1,"tiabaya_1"
"1.24.2.61",1,"tiabaya_1"
"1.24.2.62",1,"tiabaya_1"
"1.24.2.63",1,"tiabaya_1"
"1.24.2.64",1,"tiabaya_1"
"1.24.2.65",1,"tiabaya_1"
"1.24.2.66",1,"tiabaya_1"
"1.24.2.67",1,"tiabaya_1"
"1.24.2.68",1,"tiabaya_1"
"1.24.2.69",1,"tiabaya_1"
"1.24.2.70",1,"tiabaya_1"
"1.24.2.71",1,"tiabaya_1"
"1.24.2.72",1,"tiabaya_1"
"1.24.2.73",1,"tiabaya_1"
"1.24.2.74",1,"tiabaya_1"
"1.24.2.75",1,"tiabaya_1"
"1.24.2.76",1,"tiabaya_1"
"1.24.2.77",1,"tiabaya_1"
"1.24.2.78",1,"tiabaya_1"
"1.24.2.79",1,"tiabaya_1"
"1.24.2.80",1,"tiabaya_1"
"1.24.2.81",1,"tiabaya_1"
"1.24.2.82",1,"tiabaya_1"
"1.24.2.83",1,"tiabaya_1"
"1.24.2.84",1,"tiabaya_1"
"1.24.2.85",1,"tiabaya_1"
"1.24.2.86",1,"tiabaya_1"
"1.24.2.87",1,"tiabaya_1"
"1.24.2.88",1,"tiabaya_1"
"1.24.2.89",1,"tiabaya_1"
"1.24.2.90",1,"tiabaya_1"
"1.24.2.91",1,"tiabaya_1"
"1.24.2.92",1,"tiabaya_1"
"1.24.2.93",1,"tiabaya_1"
"1.24.2.100",1,"tiabaya_1"
"1.24.2.101",1,"tiabaya_1"
"1.24.2.102",1,"tiabaya_1"
"1.24.2.103",1,"tiabaya_1"
"1.24.2.104",1,"tiabaya_1"
"1.24.2.105",1,"tiabaya_1"
"1.24.2.105A",1,"tiabaya_1"
"1.24.2.94",1,"tiabaya_1"
"1.24.2.95",1,"tiabaya_1"
"1.24.2.96",1,"tiabaya_1"
"1.24.2.97",1,"tiabaya_1"
"1.24.2.98",1,"tiabaya_1"
"1.24.2.99",1,"tiabaya_1"
"1.24.2.106",1,"tiabaya_1"
"1.24.2.107",1,"tiabaya_1"
"1.24.2.108",1,"tiabaya_1"
"1.24.2.109",1,"tiabaya_1"
"1.24.2.110",1,"tiabaya_1"
"1.24.2.111",1,"tiabaya_1"
"1.24.2.112",1,"tiabaya_1"
"1.24.2.113",1,"tiabaya_1"
"1.24.2.114",1,"tiabaya_1"
"1.24.2.115",1,"tiabaya_1"
"1.24.2.116",1,"tiabaya_1"
"1.24.2.117",1,"tiabaya_1"
"1.24.2.118",1,"tiabaya_1"
"1.24.2.119",1,"tiabaya_1"
"1.24.2.120",1,"tiabaya_1"
"1.24.2.121",1,"tiabaya_1"
"1.24.2.122",1,"tiabaya_1"
"1.24.2.123",1,"tiabaya_1"
"1.24.2.124",1,"tiabaya_1"
"1.24.2.125",1,"tiabaya_1"
"1.24.2.126",1,"tiabaya_1"
"1.24.2.126A",1,"tiabaya_1"
"1.24.2.127",1,"tiabaya_1"
"1.24.2.139",1,"tiabaya_1"
"1.24.2.140",1,"tiabaya_1"
"1.24.2.141",1,"tiabaya_1"
"1.24.2.141A",1,"tiabaya_1"
"1.24.2.142",1,"tiabaya_1"
"1.24.2.128",1,"tiabaya_1"
"1.24.2.128A",1,"tiabaya_1"
"1.24.2.129",1,"tiabaya_1"
"1.24.2.130",1,"tiabaya_1"
"1.24.2.131",1,"tiabaya_1"
"1.24.2.132",1,"tiabaya_1"
"1.24.2.133",1,"tiabaya_1"
"1.24.2.134",1,"tiabaya_1"
"1.24.2.135",1,"tiabaya_1"
"1.24.2.135A",1,"tiabaya_1"
"1.24.2.136",1,"tiabaya_1"
"1.24.2.137",1,"tiabaya_1"
"1.24.2.138",1,"tiabaya_1"
"1.24.2.143",1,"tiabaya_1"
"1.24.2.144",1,"tiabaya_1"
"1.24.2.145",1,"tiabaya_1"
"1.24.2.146",1,"tiabaya_1"
"1.24.2.147",1,"tiabaya_1"
"1.24.2.148",1,"tiabaya_1"
"1.24.2.149",1,"tiabaya_1"
"1.24.2.150",1,"tiabaya_1"
"1.24.2.151",1,"tiabaya_1"
"1.24.2.152",1,"tiabaya_1"
"1.24.2.153",1,"tiabaya_1"
"1.24.2.153A",1,"tiabaya_1"
"1.24.2.154",1,"tiabaya_1"
"1.24.2.155",1,"tiabaya_1"
"1.24.2.156",1,"tiabaya_1"
"1.24.2.157",1,"tiabaya_1"
"1.24.2.158",1,"tiabaya_1"
"1.24.2.159",1,"tiabaya_1"
"1.24.2.160",1,"tiabaya_1"
"1.24.2.161",1,"tiabaya_1"
"1.24.2.162",1,"tiabaya_1"
"1.24.2.163",1,"tiabaya_1"
"1.24.2.164",1,"tiabaya_1"
"1.24.2.165",1,"tiabaya_1"
"1.24.2.166",1,"tiabaya_1"
"1.24.2.167",1,"tiabaya_1"
"1.24.2.168",1,"tiabaya_1"
"1.24.2.169",1,"tiabaya_1"
"1.24.2.170",1,"tiabaya_1"
"1.24.2.171",1,"tiabaya_1"
"1.24.2.172",1,"tiabaya_1"
"1.24.2.173",1,"tiabaya_1"
"1.24.2.174",1,"tiabaya_1"
"1.24.2.174A",1,"tiabaya_1"
"1.24.2.175",1,"tiabaya_1"
"1.24.2.176",1,"tiabaya_1"
"1.24.2.177",1,"tiabaya_1"
"1.24.2.178",1,"tiabaya_1"
"1.24.2.179",1,"tiabaya_1"
"1.24.2.180",1,"tiabaya_1"
"1.24.2.181",1,"tiabaya_1"
"1.24.2.182",1,"tiabaya_1"
"1.24.2.183",1,"tiabaya_1"
"1.24.2.184",1,"tiabaya_1"
"1.24.2.185",1,"tiabaya_1"
"1.24.2.185A",1,"tiabaya_1"
"1.24.2.186",1,"tiabaya_1"
"1.24.2.187",1,"tiabaya_1"
"1.24.2.188",1,"tiabaya_1"
"1.24.2.189",1,"tiabaya_1"
"1.24.2.190",1,"tiabaya_1"
"1.24.2.191",1,"tiabaya_1"
"1.24.2.192",1,"tiabaya_1"
"1.24.2.193",1,"tiabaya_1"
"1.24.2.194",1,"tiabaya_1"
"1.24.3.1",1,"tiabaya_1"
"1.24.3.2",1,"tiabaya_1"
"1.24.3.3",1,"tiabaya_1"
"1.24.3.4",1,"tiabaya_1"
"1.24.3.5",1,"tiabaya_1"
"1.24.3.6",1,"tiabaya_1"
"1.24.3.10",1,"tiabaya_1"
"1.24.3.11",1,"tiabaya_1"
"1.24.3.12",1,"tiabaya_1"
"1.24.3.13",1,"tiabaya_1"
"1.24.3.14",1,"tiabaya_1"
"1.24.3.9",1,"tiabaya_1"
"1.24.3.7",1,"tiabaya_1"
"1.24.3.7A",1,"tiabaya_1"
"1.24.3.8",1,"tiabaya_1"
"1.24.3.8A",1,"tiabaya_1"
"1.24.3.163",1,"tiabaya_1"
"1.24.3.15",1,"tiabaya_1"
"1.24.3.16",1,"tiabaya_1"
"1.24.3.17",1,"tiabaya_1"
"1.24.3.18",1,"tiabaya_1"
"1.24.3.19",1,"tiabaya_1"
"1.24.3.20",1,"tiabaya_1"
"1.24.3.21",1,"tiabaya_1"
"1.24.3.22",1,"tiabaya_1"
"1.24.3.25",1,"tiabaya_1"
"1.24.3.26",1,"tiabaya_1"
"1.24.3.27",1,"tiabaya_1"
"1.24.3.28",1,"tiabaya_1"
"1.24.3.23",1,"tiabaya_1"
"1.24.3.24",1,"tiabaya_1"
"1.24.3.56E",1,"tiabaya_1"
"1.24.3.29",1,"tiabaya_1"
"1.24.3.30",1,"tiabaya_1"
"1.24.3.31",1,"tiabaya_1"
"1.24.3.31A",1,"tiabaya_1"
"1.24.3.32",1,"tiabaya_1"
"1.24.3.33",1,"tiabaya_1"
"1.24.3.34",1,"tiabaya_1"
"1.24.3.35",1,"tiabaya_1"
"1.24.3.36",1,"tiabaya_1"
"1.24.3.37",1,"tiabaya_1"
"1.24.3.38",1,"tiabaya_1"
"1.24.3.39",1,"tiabaya_1"
"1.24.3.40",1,"tiabaya_1"
"1.24.3.41",1,"tiabaya_1"
"1.24.3.42",1,"tiabaya_1"
"1.24.3.43",1,"tiabaya_1"
"1.24.3.47",1,"tiabaya_1"
"1.24.3.48",1,"tiabaya_1"
"1.24.3.49",1,"tiabaya_1"
"1.24.3.50",1,"tiabaya_1"
"1.24.3.44",1,"tiabaya_1"
"1.24.3.45",1,"tiabaya_1"
"1.24.3.46",1,"tiabaya_1"
"1.24.3.51",1,"tiabaya_1"
"1.24.3.52",1,"tiabaya_1"
"1.24.3.53",1,"tiabaya_1"
"1.24.3.54",1,"tiabaya_1"
"1.24.3.55",1,"tiabaya_1"
"1.24.3.56",1,"tiabaya_1"
"1.24.3.56A",1,"tiabaya_1"
"1.24.3.56B",1,"tiabaya_1"
"1.24.3.56C",1,"tiabaya_1"
"1.24.3.56D",1,"tiabaya_1"
"1.24.3.57",1,"tiabaya_1"
"1.24.3.58",1,"tiabaya_1"
"1.24.3.59",1,"tiabaya_1"
"1.24.3.60",1,"tiabaya_1"
"1.24.3.61",1,"tiabaya_1"
"1.24.3.62",1,"tiabaya_1"
"1.24.3.63",1,"tiabaya_1"
"1.24.3.64",1,"tiabaya_1"
"1.24.3.67",1,"tiabaya_1"
"1.24.3.68",1,"tiabaya_1"
"1.24.3.69",1,"tiabaya_1"
"1.24.3.70",1,"tiabaya_1"
"1.24.3.71",1,"tiabaya_1"
"1.24.3.65",1,"tiabaya_1"
"1.24.3.66",1,"tiabaya_1"
"1.24.3.80",1,"tiabaya_1"
"1.24.3.80A",1,"tiabaya_1"
"1.24.3.80B",1,"tiabaya_1"
"1.24.3.134",1,"tiabaya_1"
"1.24.3.134A",1,"tiabaya_1"
"1.24.3.72",1,"tiabaya_1"
"1.24.3.73",1,"tiabaya_1"
"1.24.3.74",1,"tiabaya_1"
"1.24.3.75",1,"tiabaya_1"
"1.24.3.76",1,"tiabaya_1"
"1.24.3.77",1,"tiabaya_1"
"1.24.3.78",1,"tiabaya_1"
"1.24.3.78A",1,"tiabaya_1"
"1.24.3.79",1,"tiabaya_1"
"1.24.3.81",1,"tiabaya_1"
"1.24.3.82",1,"tiabaya_1"
"1.24.3.83",1,"tiabaya_1"
"1.24.3.84",1,"tiabaya_1"
"1.24.3.85",1,"tiabaya_1"
"1.24.3.86",1,"tiabaya_1"
"1.24.3.87",1,"tiabaya_1"
"1.24.3.100",1,"tiabaya_1"
"1.24.3.88",1,"tiabaya_1"
"1.24.3.89",1,"tiabaya_1"
"1.24.3.90",1,"tiabaya_1"
"1.24.3.90A",1,"tiabaya_1"
"1.24.3.91",1,"tiabaya_1"
"1.24.3.92",1,"tiabaya_1"
"1.24.3.93",1,"tiabaya_1"
"1.24.3.94",1,"tiabaya_1"
"1.24.3.95",1,"tiabaya_1"
"1.24.3.96",1,"tiabaya_1"
"1.24.3.97",1,"tiabaya_1"
"1.24.3.98",1,"tiabaya_1"
"1.24.3.101",1,"tiabaya_1"
"1.24.3.102",1,"tiabaya_1"
"1.24.3.103",1,"tiabaya_1"
"1.24.3.104",1,"tiabaya_1"
"1.24.3.99",1,"tiabaya_1"
"1.24.3.99A",1,"tiabaya_1"
"1.24.3.125",1,"tiabaya_1"
"1.24.3.125A",1,"tiabaya_1"
"1.24.3.126",1,"tiabaya_1"
"1.24.3.127",1,"tiabaya_1"
"1.24.3.128",1,"tiabaya_1"
"1.24.3.128A",1,"tiabaya_1"
"1.24.3.128B",1,"tiabaya_1"
"1.24.3.129",1,"tiabaya_1"
"1.24.3.129A",1,"tiabaya_1"
"1.24.3.129B",1,"tiabaya_1"
"1.24.3.130",1,"tiabaya_1"
"1.24.3.131",1,"tiabaya_1"
"1.24.3.131A",1,"tiabaya_1"
"1.24.3.105",1,"tiabaya_1"
"1.24.3.106",1,"tiabaya_1"
"1.24.3.107",1,"tiabaya_1"
"1.24.3.108",1,"tiabaya_1"
"1.24.3.109",1,"tiabaya_1"
"1.24.3.110",1,"tiabaya_1"
"1.24.3.111",1,"tiabaya_1"
"1.24.3.111A",1,"tiabaya_1"
"1.24.3.111B",1,"tiabaya_1"
"1.24.3.111C",1,"tiabaya_1"
"1.24.3.111D",1,"tiabaya_1"
"1.24.3.112",1,"tiabaya_1"
"1.24.3.113",1,"tiabaya_1"
"1.24.3.114",1,"tiabaya_1"
"1.24.3.115",1,"tiabaya_1"
"1.24.3.116",1,"tiabaya_1"
"1.24.3.117",1,"tiabaya_1"
"1.24.3.118",1,"tiabaya_1"
"1.24.3.119",1,"tiabaya_1"
"1.24.3.119A",1,"tiabaya_1"
"1.24.3.120",1,"tiabaya_1"
"1.24.3.121",1,"tiabaya_1"
"1.24.3.122",1,"tiabaya_1"
"1.24.3.123",1,"tiabaya_1"
"1.24.3.124",1,"tiabaya_1"
"1.24.3.132",1,"tiabaya_1"
"1.24.3.133",1,"tiabaya_1"
"1.24.3.135",1,"tiabaya_1"
"1.24.3.136",1,"tiabaya_1"
"1.24.3.137",1,"tiabaya_1"
"1.24.3.138",1,"tiabaya_1"
"1.24.3.139",1,"tiabaya_1"
"1.24.3.140",1,"tiabaya_1"
"1.24.3.141",1,"tiabaya_1"
"1.24.3.142",1,"tiabaya_1"
"1.24.3.142A",1,"tiabaya_1"
"1.24.3.143",1,"tiabaya_1"
"1.24.3.144",1,"tiabaya_1"
"1.24.3.145",1,"tiabaya_1"
"1.24.3.146",1,"tiabaya_1"
"1.24.3.148",1,"tiabaya_1"
"1.24.3.149",1,"tiabaya_1"
"1.24.3.150",1,"tiabaya_1"
"1.24.3.151",1,"tiabaya_1"
"1.24.3.152",1,"tiabaya_1"
"1.24.3.174",1,"tiabaya_1"
"1.24.3.153",1,"tiabaya_1"
"1.24.3.154",1,"tiabaya_1"
"1.24.3.155",1,"tiabaya_1"
"1.24.3.156",1,"tiabaya_1"
"1.24.3.157",1,"tiabaya_1"
"1.24.3.158",1,"tiabaya_1"
"1.24.3.159",1,"tiabaya_1"
"1.24.3.160",1,"tiabaya_1"
"1.24.3.161",1,"tiabaya_1"
"1.24.3.162",1,"tiabaya_1"
"1.24.3.164",1,"tiabaya_1"
"1.24.3.165",1,"tiabaya_1"
"1.24.3.166",1,"tiabaya_1"
"1.24.3.167",1,"tiabaya_1"
"1.24.3.168",1,"tiabaya_1"
"1.24.3.168A",1,"tiabaya_1"
"1.24.3A.1",3,"tiabaya_3"
"1.24.3A.10",3,"tiabaya_3"
"1.24.3A.11",3,"tiabaya_3"
"1.24.3A.12",3,"tiabaya_3"
"1.24.3A.13",3,"tiabaya_3"
"1.24.3A.14",3,"tiabaya_3"
"1.24.3A.15",3,"tiabaya_3"
"1.24.3A.2",3,"tiabaya_3"
"1.24.3A.3",3,"tiabaya_3"
"1.24.3A.4",3,"tiabaya_3"
"1.24.3A.5",3,"tiabaya_3"
"1.24.3A.6",3,"tiabaya_3"
"1.24.3A.7",3,"tiabaya_3"
"1.24.3A.8",3,"tiabaya_3"
"1.24.3A.9",3,"tiabaya_3"
"1.24.4.49",3,"tiabaya_3"
"1.24.4.1",3,"tiabaya_3"
"1.24.4.10",3,"tiabaya_3"
"1.24.4.11",3,"tiabaya_3"
"1.24.4.2",3,"tiabaya_3"
"1.24.4.3",3,"tiabaya_3"
"1.24.4.4",3,"tiabaya_3"
"1.24.4.5",3,"tiabaya_3"
"1.24.4.6",3,"tiabaya_3"
"1.24.4.7",3,"tiabaya_3"
"1.24.4.8",3,"tiabaya_3"
"1.24.4.9",3,"tiabaya_3"
"1.24.4.12",3,"tiabaya_3"
"1.24.4.13",3,"tiabaya_3"
"1.24.4.14",3,"tiabaya_3"
"1.24.4.15",3,"tiabaya_3"
"1.24.4.16",3,"tiabaya_3"
"1.24.4.17",3,"tiabaya_3"
"1.24.4.18",3,"tiabaya_3"
"1.24.4.19",3,"tiabaya_3"
"1.24.4.20",3,"tiabaya_3"
"1.24.4.21",3,"tiabaya_3"
"1.24.4.22",3,"tiabaya_3"
"1.24.4.23",3,"tiabaya_3"
"1.24.4.24",3,"tiabaya_3"
"1.24.4.25",3,"tiabaya_3"
"1.24.4.26",3,"tiabaya_3"
"1.24.4.27",3,"tiabaya_3"
"1.24.4.28",3,"tiabaya_3"
"1.24.4.29",3,"tiabaya_3"
"1.24.4.30",3,"tiabaya_3"
"1.24.4.31",3,"tiabaya_3"
"1.24.4.32",3,"tiabaya_3"
"1.24.4.33",3,"tiabaya_3"
"1.24.4.34",3,"tiabaya_3"
"1.24.4.35",3,"tiabaya_3"
"1.24.4.36",3,"tiabaya_3"
"1.24.4.37",3,"tiabaya_3"
"1.24.4.38",3,"tiabaya_3"
"1.24.4.39",3,"tiabaya_3"
"1.24.4.40",3,"tiabaya_3"
"1.24.4.41",3,"tiabaya_3"
"1.24.4.42",3,"tiabaya_3"
"1.24.4.43",3,"tiabaya_3"
"1.24.4.44",3,"tiabaya_3"
"1.24.4.45",3,"tiabaya_3"
"1.24.4.46",3,"tiabaya_3"
"1.24.4.47",3,"tiabaya_3"
"1.24.4.48",3,"tiabaya_3"
"1.24.4.50",3,"tiabaya_3"
"1.24.4.51",3,"tiabaya_3"
"1.24.4.52",3,"tiabaya_3"
"1.24.4.53",3,"tiabaya_3"
"1.24.4.54",3,"tiabaya_3"
"1.24.4.55",3,"tiabaya_3"
"1.24.4.56",3,"tiabaya_3"
"1.24.4.57",3,"tiabaya_3"
"1.24.4.58",3,"tiabaya_3"
"1.24.4.59",3,"tiabaya_3"
"1.24.4.60",3,"tiabaya_3"
"1.24.4.61",3,"tiabaya_3"
"1.24.4.62",3,"tiabaya_3"
"1.24.4.63",3,"tiabaya_3"
"1.24.4.64",3,"tiabaya_3"
"1.24.4.65",3,"tiabaya_3"
"1.24.4.66",3,"tiabaya_3"
"1.24.4.67",3,"tiabaya_3"
"1.24.4.68",3,"tiabaya_3"
"1.24.4.69",3,"tiabaya_3"
"1.24.4.70",3,"tiabaya_3"
"1.24.4.71",3,"tiabaya_3"
"1.24.4.72",3,"tiabaya_3"
"1.24.4.73",3,"tiabaya_3"
"1.24.4.74",3,"tiabaya_3"
"1.24.4.75",3,"tiabaya_3"
"1.24.4.76",3,"tiabaya_3"
"1.24.4.77",3,"tiabaya_3"
"1.24.4.78",3,"tiabaya_3"
"1.24.4.79",3,"tiabaya_3"
"1.24.4.80",3,"tiabaya_3"
"1.24.4.81",3,"tiabaya_3"
"1.24.4.82",3,"tiabaya_3"
"1.24.4.83",3,"tiabaya_3"
"1.24.4.84",3,"tiabaya_3"
"1.24.4.85",3,"tiabaya_3"
"1.24.4.86",3,"tiabaya_3"
"1.24.4.87",3,"tiabaya_3"
"1.24.4.88",3,"tiabaya_3"
"1.24.4.89",3,"tiabaya_3"
"1.24.4.90",3,"tiabaya_3"
"1.24.4.91",3,"tiabaya_3"
"1.24.4.92",3,"tiabaya_3"
"1.24.4.93",3,"tiabaya_3"
"1.24.4.94",3,"tiabaya_3"
"1.24.4.95",3,"tiabaya_3"
"1.24.4.96",3,"tiabaya_3"
"1.24.4.100",3,"tiabaya_3"
"1.24.4.101",3,"tiabaya_3"
"1.24.4.102",3,"tiabaya_3"
"1.24.4.103",3,"tiabaya_3"
"1.24.4.104",3,"tiabaya_3"
"1.24.4.97",3,"tiabaya_3"
"1.24.4.98",3,"tiabaya_3"
"1.24.4.99",3,"tiabaya_3"
"1.24.4.105",3,"tiabaya_3"
"1.24.4.106",3,"tiabaya_3"
"1.24.4.107",3,"tiabaya_3"
"1.24.4.108",3,"tiabaya_3"
"1.24.4.109",3,"tiabaya_3"
"1.24.4.110",3,"tiabaya_3"
"1.24.4.111",3,"tiabaya_3"
"1.24.4.111A",3,"tiabaya_3"
"1.24.4.111B",3,"tiabaya_3"
"1.24.4.112",3,"tiabaya_3"
"1.24.4.112A",3,"tiabaya_3"
"1.24.4.113",3,"tiabaya_3"
"1.24.4.114",3,"tiabaya_3"
"1.24.4.115",3,"tiabaya_3"
"1.24.4.115A",3,"tiabaya_3"
"1.24.4.115B",3,"tiabaya_3"
"1.24.4.115C",3,"tiabaya_3"
"1.24.4.115D",3,"tiabaya_3"
"1.24.4.116",3,"tiabaya_3"
"1.24.4.117",3,"tiabaya_3"
"1.24.4.118",3,"tiabaya_3"
"1.24.4.119",3,"tiabaya_3"
"1.24.4.120",3,"tiabaya_3"
"1.24.4.121",3,"tiabaya_3"
"1.24.4.122",3,"tiabaya_3"
"1.24.4.123",3,"tiabaya_3"
"1.24.4.124",3,"tiabaya_3"
"1.24.4.125",3,"tiabaya_3"
"1.24.4.126",3,"tiabaya_3"
"1.24.4.127",3,"tiabaya_3"
"1.24.4.128",3,"tiabaya_3"
"1.24.4.129",3,"tiabaya_3"
"1.24.4.130",3,"tiabaya_3"
"1.24.4.131",3,"tiabaya_3"
"1.24.4.132",3,"tiabaya_3"
"1.24.4.133",3,"tiabaya_3"
"1.24.4.134",3,"tiabaya_3"
"1.24.4.135",3,"tiabaya_3"
"1.24.4.136",3,"tiabaya_3"
"1.24.4.137",3,"tiabaya_3"
"1.24.4.138",3,"tiabaya_3"
"1.24.4.139",3,"tiabaya_3"
"1.24.4.140",3,"tiabaya_3"
"1.24.5.1",2,"tiabaya_2"
"1.24.5.2",2,"tiabaya_2"
"1.24.5.2A",2,"tiabaya_2"
"1.24.5.3",2,"tiabaya_2"
"1.24.5.4",2,"tiabaya_2"
"1.24.5.4A",2,"tiabaya_2"
"1.24.5.5",2,"tiabaya_2"
"1.24.5.6",2,"tiabaya_2"
"1.24.5.7",2,"tiabaya_2"
"1.24.5.8",2,"tiabaya_2"
"1.24.5.10",2,"tiabaya_2"
"1.24.5.11",2,"tiabaya_2"
"1.24.5.12",2,"tiabaya_2"
"1.24.5.13",2,"tiabaya_2"
"1.24.5.14",2,"tiabaya_2"
"1.24.5.15",2,"tiabaya_2"
"1.24.5.16",2,"tiabaya_2"
"1.24.5.17",2,"tiabaya_2"
"1.24.5.9",2,"tiabaya_2"
"1.24.5.18",2,"tiabaya_2"
"1.24.5.19",2,"tiabaya_2"
"1.24.5.20",2,"tiabaya_2"
"1.24.5.21",2,"tiabaya_2"
"1.24.5.22",2,"tiabaya_2"
"1.24.5.23",2,"tiabaya_2"
"1.24.5.24",2,"tiabaya_2"
"1.24.5.25",2,"tiabaya_2"
"1.24.5.26",2,"tiabaya_2"
"1.24.5.27",2,"tiabaya_2"
"1.24.5.28",2,"tiabaya_2"
"1.24.5.29",2,"tiabaya_2"
"1.24.5.30",2,"tiabaya_2"
"1.24.5.31",2,"tiabaya_2"
"1.24.5.32",2,"tiabaya_2"
"1.24.5.33",2,"tiabaya_2"
"1.24.5.34",2,"tiabaya_2"
"1.24.5.35",2,"tiabaya_2"
"1.24.5.36",2,"tiabaya_2"
"1.24.5.37",2,"tiabaya_2"
"1.24.5.38",2,"tiabaya_2"
"1.24.5.39",2,"tiabaya_2"
"1.24.5.42A",2,"tiabaya_2"
"1.24.5.42C",2,"tiabaya_2"
"1.24.5.42B",2,"tiabaya_2"
"1.24.5.42D",2,"tiabaya_2"
"1.24.5.43",2,"tiabaya_2"
"1.24.5.44",2,"tiabaya_2"
"1.24.5.40",2,"tiabaya_2"
"1.24.5.40A",2,"tiabaya_2"
"1.24.5.41",2,"tiabaya_2"
"1.24.5.42",2,"tiabaya_2"
"1.24.5.45",2,"tiabaya_2"
"1.24.5.46",2,"tiabaya_2"
"1.24.5.47",2,"tiabaya_2"
"1.24.5.48",2,"tiabaya_2"
"1.24.5.49",2,"tiabaya_2"
"1.24.5.50",2,"tiabaya_2"
"1.24.5.51",2,"tiabaya_2"
"1.24.5.52",2,"tiabaya_2"
"1.24.5.53",2,"tiabaya_2"
"1.24.5.54",2,"tiabaya_2"
"1.24.5.55",2,"tiabaya_2"
"1.24.5.56",2,"tiabaya_2"
"1.24.5.57",2,"tiabaya_2"
"1.24.5.58",2,"tiabaya_2"
"1.24.5.59",2,"tiabaya_2"
"1.24.5.60",2,"tiabaya_2"
"1.24.5.60A",2,"tiabaya_2"
"1.24.5.61",2,"tiabaya_2"
"1.24.5.62",2,"tiabaya_2"
"1.24.5.63",2,"tiabaya_2"
"1.24.5.64",2,"tiabaya_2"
"1.24.5.65",2,"tiabaya_2"
"1.24.5.66",2,"tiabaya_2"
"1.24.5.67",2,"tiabaya_2"
"1.24.5.68",2,"tiabaya_2"
"1.24.5.69",2,"tiabaya_2"
"1.24.5.70",2,"tiabaya_2"
"1.24.5.71",2,"tiabaya_2"
"1.24.5.72",2,"tiabaya_2"
"1.24.5.73",2,"tiabaya_2"
"1.24.5.74",2,"tiabaya_2"
"1.24.5.75",2,"tiabaya_2"
"1.24.5.76",2,"tiabaya_2"
"1.24.5.76A",2,"tiabaya_2"
"1.24.5.76B",2,"tiabaya_2"
"1.24.5.77",2,"tiabaya_2"
"1.24.5.78",2,"tiabaya_2"
"1.24.5.79",2,"tiabaya_2"
"1.24.5.80",2,"tiabaya_2"
"1.24.5.81",2,"tiabaya_2"
"1.24.5.82",2,"tiabaya_2"
"1.24.5.83",2,"tiabaya_2"
"1.24.5.84",2,"tiabaya_2"
"1.24.5.85",2,"tiabaya_2"
"1.24.5.86",2,"tiabaya_2"
"1.24.5.87",2,"tiabaya_2"
"1.24.5.88",2,"tiabaya_2"
"1.24.5.89",2,"tiabaya_2"
"1.24.5.90",2,"tiabaya_2"
"1.24.5.91",2,"tiabaya_2"
"1.24.5.92",2,"tiabaya_2"
"1.24.5.93",2,"tiabaya_2"
"1.24.5.100",2,"tiabaya_2"
"1.24.5.94",2,"tiabaya_2"
"1.24.5.95",2,"tiabaya_2"
"1.24.5.96",2,"tiabaya_2"
"1.24.5.97",2,"tiabaya_2"
"1.24.5.98",2,"tiabaya_2"
"1.24.5.99",2,"tiabaya_2"
"1.24.5.101",2,"tiabaya_2"
"1.24.5.102",2,"tiabaya_2"
"1.24.5.103",2,"tiabaya_2"
"1.24.5.104",2,"tiabaya_2"
"1.24.5.105",2,"tiabaya_2"
"1.24.5.106",2,"tiabaya_2"
"1.24.5.106A",2,"tiabaya_2"
"1.24.5.106B",2,"tiabaya_2"
"1.24.5.107",2,"tiabaya_2"
"1.24.5.108",2,"tiabaya_2"
"1.24.5.109",2,"tiabaya_2"
"1.24.5.110",2,"tiabaya_2"
"1.24.5.111",2,"tiabaya_2"
"1.24.5.111A",2,"tiabaya_2"
"1.24.5.112",2,"tiabaya_2"
"1.24.5.113",2,"tiabaya_2"
"1.24.5.114",2,"tiabaya_2"
"1.24.5.115",2,"tiabaya_2"
"1.24.5.116",2,"tiabaya_2"
"1.24.5.117",2,"tiabaya_2"
"1.24.5.137",2,"tiabaya_2"
"1.24.5.138",2,"tiabaya_2"
"1.24.5.139",2,"tiabaya_2"
"1.24.5.140",2,"tiabaya_2"
"1.24.5.141",2,"tiabaya_2"
"1.24.5.142",2,"tiabaya_2"
"1.24.5.143",2,"tiabaya_2"
"1.24.5.144",2,"tiabaya_2"
"1.24.5.145",2,"tiabaya_2"
"1.24.5.118",2,"tiabaya_2"
"1.24.5.119",2,"tiabaya_2"
"1.24.5.120",2,"tiabaya_2"
"1.24.5.121",2,"tiabaya_2"
"1.24.5.122",2,"tiabaya_2"
"1.24.5.123",2,"tiabaya_2"
"1.24.5.124",2,"tiabaya_2"
"1.24.5.125",2,"tiabaya_2"
"1.24.5.126",2,"tiabaya_2"
"1.24.5.127",2,"tiabaya_2"
"1.24.5.128",2,"tiabaya_2"
"1.24.5.129",2,"tiabaya_2"
"1.24.5.130",2,"tiabaya_2"
"1.24.5.131",2,"tiabaya_2"
"1.24.5.132",2,"tiabaya_2"
"1.24.5.133",2,"tiabaya_2"
"1.24.5.134",2,"tiabaya_2"
"1.24.5.135",2,"tiabaya_2"
"1.24.5.136",2,"tiabaya_2"
"1.24.5.146",2,"tiabaya_2"
"1.24.5.147",2,"tiabaya_2"
"1.24.5.148",2,"tiabaya_2"
"1.24.5.148A",2,"tiabaya_2"
"1.24.5.149",2,"tiabaya_2"
"1.24.5.150",2,"tiabaya_2"
"1.24.5.151",2,"tiabaya_2"
"1.24.5.152",2,"tiabaya_2"
"1.24.5.153",2,"tiabaya_2"
"1.24.5.154",2,"tiabaya_2"
"1.24.5.155",2,"tiabaya_2"
"1.24.5.156",2,"tiabaya_2"
"1.24.5.157",2,"tiabaya_2"
"1.24.5.158",2,"tiabaya_2"
"1.24.5.159",2,"tiabaya_2"
"1.24.5.159A",2,"tiabaya_2"
"1.24.5.160",2,"tiabaya_2"
"1.24.5.160",2,"tiabaya_2"
"1.24.5.161",2,"tiabaya_2"
"1.24.5.162",2,"tiabaya_2"
"1.24.5.163",2,"tiabaya_2"
"1.24.5.164",2,"tiabaya_2"
"1.24.5.165",2,"tiabaya_2"
"1.24.5.166",2,"tiabaya_2"
"1.24.5.167",2,"tiabaya_2"
"1.24.5.168",2,"tiabaya_2"
"1.24.5.169",2,"tiabaya_2"
"1.24.5.170",2,"tiabaya_2"
"1.24.5.171",2,"tiabaya_2"
"1.24.5.172",2,"tiabaya_2"
"1.24.5.173",2,"tiabaya_2"
"1.24.5.174",2,"tiabaya_2"
"1.24.5.175",2,"tiabaya_2"
"1.24.5.176",2,"tiabaya_2"
"1.24.5.177",2,"tiabaya_2"
"1.24.5.178",2,"tiabaya_2"
"1.24.5.179",2,"tiabaya_2"
"1.24.5.180",2,"tiabaya_2"
"1.24.5.181",2,"tiabaya_2"
"1.24.5.182",2,"tiabaya_2"
"1.24.5.183",2,"tiabaya_2"
"1.24.5.184",2,"tiabaya_2"
"1.24.5.185",2,"tiabaya_2"
"1.24.5.186",2,"tiabaya_2"
"1.24.5.187",2,"tiabaya_2"
"1.24.5.188",2,"tiabaya_2"
"1.24.5.189",2,"tiabaya_2"
"1.24.5.190",2,"tiabaya_2"
"1.24.5.191",2,"tiabaya_2"
"1.24.5.192",2,"tiabaya_2"
"1.24.5.193",2,"tiabaya_2"
"1.24.5.194",2,"tiabaya_2"
"1.24.5.195",2,"tiabaya_2"
"1.24.5.195A",2,"tiabaya_2"
"1.24.5.195B",2,"tiabaya_2"
"1.24.5.195C",2,"tiabaya_2"
"1.24.5.196",2,"tiabaya_2"
"1.24.5.197",2,"tiabaya_2"
"1.24.5.198",2,"tiabaya_2"
"1.24.5.199",2,"tiabaya_2"
"1.24.5.200",2,"tiabaya_2"
"1.24.5.201",2,"tiabaya_2"
"1.24.5.202",2,"tiabaya_2"
"1.24.5.203",2,"tiabaya_2"
"1.24.5.204",2,"tiabaya_2"
"1.24.5.205",2,"tiabaya_2"
"1.24.5.206",2,"tiabaya_2"
"1.24.5.207",2,"tiabaya_2"
"1.24.5.208",2,"tiabaya_2"
"1.24.5.209",2,"tiabaya_2"
"1.24.5.210",2,"tiabaya_2"
"1.24.5.211",2,"tiabaya_2"
"1.24.5.212",2,"tiabaya_2"
"1.24.5.213",2,"tiabaya_2"
"1.24.5.214",2,"tiabaya_2"
"1.24.5.215",2,"tiabaya_2"
"1.24.5.215A",2,"tiabaya_2"
"1.24.5.216",2,"tiabaya_2"
"1.24.5.217",2,"tiabaya_2"
"1.24.5.218",2,"tiabaya_2"
"1.24.5.219",2,"tiabaya_2"
"1.24.5.220",2,"tiabaya_2"
"1.24.5.220A",2,"tiabaya_2"
"1.24.5.221",2,"tiabaya_2"
"1.24.5.222",2,"tiabaya_2"
"1.24.5.223",2,"tiabaya_2"
"1.24.5.224",2,"tiabaya_2"
"1.24.5.225",2,"tiabaya_2"
"1.24.5.226",2,"tiabaya_2"
"1.24.5.227",2,"tiabaya_2"
"1.24.5.228",2,"tiabaya_2"
"1.24.5.229",2,"tiabaya_2"
"1.24.5.230",2,"tiabaya_2"
"1.24.5.231",2,"tiabaya_2"
"1.24.5.232",2,"tiabaya_2"
"1.24.5.233",2,"tiabaya_2"
"1.24.5.234",2,"tiabaya_2"
"1.24.5.235",2,"tiabaya_2"
"1.24.5.236",2,"tiabaya_2"
"1.24.5.237",2,"tiabaya_2"
"1.24.5.238",2,"tiabaya_2"
"1.24.5.239",2,"tiabaya_2"
"1.24.5.240",2,"tiabaya_2"
"1.24.5.241",2,"tiabaya_2"
"1.24.5.242",2,"tiabaya_2"
"1.24.5.243",2,"tiabaya_2"
"1.24.5.244",2,"tiabaya_2"
"1.24.5.245",2,"tiabaya_2"
"1.24.5.246",2,"tiabaya_2"
"1.24.5.247",2,"tiabaya_2"
"1.24.5.248",2,"tiabaya_2"
"1.24.5.249",2,"tiabaya_2"
"1.24.5.250",2,"tiabaya_2"
"1.24.5.251",2,"tiabaya_2"
"1.24.5.252",2,"tiabaya_2"
"1.24.5.253",2,"tiabaya_2"
"1.24.5.254",2,"tiabaya_2"
"1.24.5.255",2,"tiabaya_2"
"1.24.5.256",2,"tiabaya_2"
"1.24.5.257",2,"tiabaya_2"
"1.24.5.258",2,"tiabaya_2"
"1.24.5.259",2,"tiabaya_2"
"1.24.5.260",2,"tiabaya_2"
"1.24.5.261",2,"tiabaya_2"
"1.24.5.262",2,"tiabaya_2"
"1.24.5.263",2,"tiabaya_2"
"1.24.5.264",2,"tiabaya_2"
"1.24.5.265",2,"tiabaya_2"
"1.24.5.266",2,"tiabaya_2"
"1.24.5.267",2,"tiabaya_2"
"1.24.5.268",2,"tiabaya_2"
"1.24.5.269",2,"tiabaya_2"
"1.24.5.270",2,"tiabaya_2"
"1.24.5.271",2,"tiabaya_2"
"1.24.5.272",2,"tiabaya_2"
"1.24.5.273",2,"tiabaya_2"
"1.24.5.274",2,"tiabaya_2"
"1.24.5.275",2,"tiabaya_2"
"1.24.5.276",2,"tiabaya_2"
"1.24.5.277",2,"tiabaya_2"
"1.24.5.278",2,"tiabaya_2"
"1.24.5.279",2,"tiabaya_2"
"1.24.5.279A",2,"tiabaya_2"
"1.24.5.280",2,"tiabaya_2"
"1.24.5.281",2,"tiabaya_2"
"1.24.5.282",2,"tiabaya_2"
"1.24.5.283",2,"tiabaya_2"
"1.24.5.284",2,"tiabaya_2"
"1.24.5.285",2,"tiabaya_2"
"1.24.5.286",2,"tiabaya_2"
"1.24.5.287",2,"tiabaya_2"
"1.24.5.288",2,"tiabaya_2"
"1.24.5.289",2,"tiabaya_2"
"1.24.5.290",2,"tiabaya_2"
"1.24.5.291",2,"tiabaya_2"
"1.24.5.292",2,"tiabaya_2"
"1.24.5.293",2,"tiabaya_2"
"1.24.5.294",2,"tiabaya_2"
"1.24.5.295",2,"tiabaya_2"
"1.24.5.296",2,"tiabaya_2"
"1.24.5.297",2,"tiabaya_2"
"1.24.5.298",2,"tiabaya_2"
"1.24.5.299",2,"tiabaya_2"
"1.24.5.300",2,"tiabaya_2"
"1.24.5.301",2,"tiabaya_2"
"1.24.5.302",2,"tiabaya_2"
"1.24.5.303",2,"tiabaya_2"
"1.24.5.304",2,"tiabaya_2"
"1.24.5.305",2,"tiabaya_2"
"1.24.5.306",2,"tiabaya_2"
"1.24.5.307",2,"tiabaya_2"
"1.24.5.308",2,"tiabaya_2"
"1.24.5.309",2,"tiabaya_2"
"1.24.5.310",2,"tiabaya_2"
"1.24.5.311",2,"tiabaya_2"
"1.24.5.311A",2,"tiabaya_2"
"1.24.5.312",2,"tiabaya_2"
"1.24.5.313",2,"tiabaya_2"
"1.24.5.314",2,"tiabaya_2"
"1.24.5.315",2,"tiabaya_2"
"1.24.5.316",2,"tiabaya_2"
"1.24.5.317",2,"tiabaya_2"
"1.24.5.318",2,"tiabaya_2"
"1.24.5.319",2,"tiabaya_2"
"1.24.5.320",2,"tiabaya_2"
"1.24.5.321",2,"tiabaya_2"
"1.24.5.322",2,"tiabaya_2"
"1.24.5.323",2,"tiabaya_2"
"1.24.5.324",2,"tiabaya_2"
"1.24.5.325",2,"tiabaya_2"
"1.24.5.326",2,"tiabaya_2"
"1.24.5.327",2,"tiabaya_2"
"1.24.5.328",2,"tiabaya_2"
"1.24.5.329",2,"tiabaya_2"
"1.24.5.330",2,"tiabaya_2"
"1.24.5.331",2,"tiabaya_2"
"1.24.5.332",2,"tiabaya_2"
"1.24.5.333",2,"tiabaya_2"
"1.24.5.334",2,"tiabaya_2"
"1.24.5.335",2,"tiabaya_2"
"1.24.5.336",2,"tiabaya_2"
"1.24.5.337",2,"tiabaya_2"
"1.24.5.338",2,"tiabaya_2"
"1.24.5.339",2,"tiabaya_2"
"1.24.5.339A",2,"tiabaya_2"
"1.24.5.340",2,"tiabaya_2"
"1.24.5.341",2,"tiabaya_2"
"1.24.5.342",2,"tiabaya_2"
"1.24.5.344",2,"tiabaya_2"
"1.24.5.344A",2,"tiabaya_2"
"1.24.5.345",2,"tiabaya_2"
"1.24.5.345A",2,"tiabaya_2"
"1.24.5.346",2,"tiabaya_2"
"1.24.5.347",2,"tiabaya_2"
"1.24.5.348",2,"tiabaya_2"
"1.24.5.349",2,"tiabaya_2"
"1.24.5.350",2,"tiabaya_2"
"1.24.5.350A",2,"tiabaya_2"
"1.24.5.351",2,"tiabaya_2"
"1.24.5.352",2,"tiabaya_2"
"1.24.5.353",2,"tiabaya_2"
"1.24.5.354",2,"tiabaya_2"
"1.24.5.355",2,"tiabaya_2"
"1.24.5.356",2,"tiabaya_2"
"1.24.5.357",2,"tiabaya_2"
"1.24.5.358",2,"tiabaya_2"
"1.24.5.359",2,"tiabaya_2"
"1.24.5.360",2,"tiabaya_2"
"1.24.5.361",2,"tiabaya_2"
"1.24.5.362",2,"tiabaya_2"
"1.24.5.363",2,"tiabaya_2"
"1.24.5.364",2,"tiabaya_2"
"1.24.5.365",2,"tiabaya_2"
"1.24.5.366",2,"tiabaya_2"
"1.24.5.367",2,"tiabaya_2"
"1.24.5.368",2,"tiabaya_2"
"1.24.5.368A",2,"tiabaya_2"
"1.24.5.369",2,"tiabaya_2"
"1.24.5.369A",2,"tiabaya_2"
"1.24.5.369B",2,"tiabaya_2"
"1.24.5.370",2,"tiabaya_2"
"1.24.5.371",2,"tiabaya_2"
"1.24.5.372",2,"tiabaya_2"
"1.24.5.373",2,"tiabaya_2"
"1.24.5.374",2,"tiabaya_2"
"1.24.5.375",2,"tiabaya_2"
"1.24.5.376",2,"tiabaya_2"
"1.24.5.377",2,"tiabaya_2"
"1.24.5.378",2,"tiabaya_2"
"1.24.5.378A",2,"tiabaya_2"
"1.24.5.379",2,"tiabaya_2"
"1.24.5.380",2,"tiabaya_2"
"1.24.5.381",2,"tiabaya_2"
"1.24.5.382",2,"tiabaya_2"
"1.24.5.383",2,"tiabaya_2"
"1.24.5.384",2,"tiabaya_2"
"1.24.5.385",2,"tiabaya_2"
"1.24.5.386",2,"tiabaya_2"
"1.24.5.387",2,"tiabaya_2"
"1.24.5.388",2,"tiabaya_2"
"1.24.5.389",2,"tiabaya_2"
"1.24.5.390",2,"tiabaya_2"
"1.24.5.391",2,"tiabaya_2"
"1.24.5.392",2,"tiabaya_2"
"1.24.5.393",2,"tiabaya_2"
"1.24.5.394",2,"tiabaya_2"
"1.24.5.395",2,"tiabaya_2"
"1.24.5.396",2,"tiabaya_2"
"1.24.5.397",2,"tiabaya_2"
"1.24.5.398",2,"tiabaya_2"
"1.24.5.399",2,"tiabaya_2"
"1.24.5.400",2,"tiabaya_2"
"1.24.5.401",2,"tiabaya_2"
"1.24.5.402",2,"tiabaya_2"
"1.24.5.403",2,"tiabaya_2"
"1.24.5.404",2,"tiabaya_2"
"1.24.5.405",2,"tiabaya_2"
"1.24.5.406",2,"tiabaya_2"
"1.24.5.407",2,"tiabaya_2"
"1.24.5.408",2,"tiabaya_2"
"1.24.5.409",2,"tiabaya_2"
"1.24.5.410",2,"tiabaya_2"
"1.24.5.411",2,"tiabaya_2"
"1.24.5.412",2,"tiabaya_2"
"1.24.5.413",2,"tiabaya_2"
"1.24.5.414",2,"tiabaya_2"
"1.24.5.415",2,"tiabaya_2"
"1.24.5.416",2,"tiabaya_2"
"1.24.5.417",2,"tiabaya_2"
"1.24.5.418",2,"tiabaya_2"
"1.24.5.419",2,"tiabaya_2"
"1.24.5.419A",2,"tiabaya_2"
"1.24.5.420",2,"tiabaya_2"
"1.24.5.421",2,"tiabaya_2"
"1.24.5.422",2,"tiabaya_2"
"1.24.5.423",2,"tiabaya_2"
"1.24.5.424",2,"tiabaya_2"
"1.24.5.425",2,"tiabaya_2"
"1.24.5.426",2,"tiabaya_2"
"1.24.5.427",2,"tiabaya_2"
"1.24.5.428",2,"tiabaya_2"
"1.24.5.429",2,"tiabaya_2"
"1.24.5.430",2,"tiabaya_2"
"1.24.5.431",2,"tiabaya_2"
"1.24.5.432",2,"tiabaya_2"
"1.24.5.433",2,"tiabaya_2"
"1.24.5.434",2,"tiabaya_2"
"1.24.5.435",2,"tiabaya_2"
"1.24.5.436",2,"tiabaya_2"
"1.24.5.437",2,"tiabaya_2"
"1.24.5.438",2,"tiabaya_2"
"1.24.5.438A",2,"tiabaya_2"
"1.24.5.439",2,"tiabaya_2"
"1.24.5.440",2,"tiabaya_2"
"1.24.5.441",2,"tiabaya_2"
"1.24.5.442",2,"tiabaya_2"
"1.24.5.443",2,"tiabaya_2"
"1.24.5.443A",2,"tiabaya_2"
"1.24.5.444",2,"tiabaya_2"
"1.24.5.445",2,"tiabaya_2"
"1.24.5.446",2,"tiabaya_2"
"1.24.5.447",2,"tiabaya_2"
"1.24.5.448",2,"tiabaya_2"
"1.24.5.449",2,"tiabaya_2"
"1.24.5.450",2,"tiabaya_2"
"1.24.5.451",2,"tiabaya_2"
"1.24.5.452",2,"tiabaya_2"
"1.24.5.453",2,"tiabaya_2"
"1.24.5.454",2,"tiabaya_2"
"1.24.5.455",2,"tiabaya_2"
"1.24.5.456",2,"tiabaya_2"
"1.24.5.457",2,"tiabaya_2"
"1.24.5.457A",2,"tiabaya_2"
"1.24.5.457B",2,"tiabaya_2"
"1.24.5.458",2,"tiabaya_2"
"1.24.5.459",2,"tiabaya_2"
"1.24.5.460",2,"tiabaya_2"
"1.24.5.461",2,"tiabaya_2"
"1.24.5.462",2,"tiabaya_2"
"1.24.5.463",2,"tiabaya_2"
"1.24.5.464",2,"tiabaya_2"
"1.24.5.465",2,"tiabaya_2"
"1.24.5.466",2,"tiabaya_2"
"1.24.5.467",2,"tiabaya_2"
"1.24.5.467A",2,"tiabaya_2"
"1.24.5.468",2,"tiabaya_2"
"1.24.5.469",2,"tiabaya_2"
"1.24.5.470",2,"tiabaya_2"
"1.24.5.470A",2,"tiabaya_2"
"1.24.5.471",2,"tiabaya_2"
"1.24.5.472",2,"tiabaya_2"
"1.24.5.473",2,"tiabaya_2"
"1.24.5.474",2,"tiabaya_2"
"1.24.5.475",2,"tiabaya_2"
"1.24.5.476",2,"tiabaya_2"
"1.24.5.477",2,"tiabaya_2"
"1.24.5.478",2,"tiabaya_2"
"1.24.5.479",2,"tiabaya_2"
"1.24.5.479A",2,"tiabaya_2"
"1.24.5.480",2,"tiabaya_2"
"1.24.5.481",2,"tiabaya_2"
"1.24.5.482",2,"tiabaya_2"
"1.24.5.483",2,"tiabaya_2"
"1.24.5.484",2,"tiabaya_2"
"1.24.5.485",2,"tiabaya_2"
"1.24.5.485A",2,"tiabaya_2"
"1.24.5.486",2,"tiabaya_2"
"1.24.5.487",2,"tiabaya_2"
"1.24.5.488",2,"tiabaya_2"
"1.24.5.489",2,"tiabaya_2"
"1.24.5.490",2,"tiabaya_2"
"1.24.5.491",2,"tiabaya_2"
"1.24.5.492",2,"tiabaya_2"
"1.24.5.493",2,"tiabaya_2"
"1.24.5.494",2,"tiabaya_2"
"1.24.5.495",2,"tiabaya_2"
"1.24.5.496",2,"tiabaya_2"
"1.24.5.497",2,"tiabaya_2"
"1.24.5.498",2,"tiabaya_2"
"1.24.5.499",2,"tiabaya_2"
"1.24.5.500",2,"tiabaya_2"
"1.24.5.500A",2,"tiabaya_2"
"1.24.5.501",2,"tiabaya_2"
"1.24.5.502",2,"tiabaya_2"
"1.24.5.503",2,"tiabaya_2"
"1.24.5.504",2,"tiabaya_2"
"1.24.5.505",2,"tiabaya_2"
"1.24.5.506",2,"tiabaya_2"
"1.24.5.507",2,"tiabaya_2"
"1.24.5.507A",2,"tiabaya_2"
"1.24.5.508",2,"tiabaya_2"
"1.24.5.509",2,"tiabaya_2"
"1.24.5.510",2,"tiabaya_2"
"1.24.5.510A",2,"tiabaya_2"
"1.24.5.510B",2,"tiabaya_2"
"1.24.5.510C",2,"tiabaya_2"
"1.24.5.510D",2,"tiabaya_2"
"1.24.5.510E",2,"tiabaya_2"
"1.24.5.510F",2,"tiabaya_2"
"1.24.5.510G",2,"tiabaya_2"
"1.24.5.511",2,"tiabaya_2"
"1.24.5.512",2,"tiabaya_2"
"1.24.5.513",2,"tiabaya_2"
"1.24.5.514",2,"tiabaya_2"
"1.24.5.515",2,"tiabaya_2"
"1.24.5.516",2,"tiabaya_2"
"1.24.5.517",2,"tiabaya_2"
"1.24.5.518",2,"tiabaya_2"
"1.24.5.519",2,"tiabaya_2"
"1.24.5.520",2,"tiabaya_2"
"1.24.5.521",2,"tiabaya_2"
"1.24.5.522",2,"tiabaya_2"
"1.24.5.523",2,"tiabaya_2"
"1.24.5.523A",2,"tiabaya_2"
"1.24.5.524",2,"tiabaya_2"
"1.24.5.525",2,"tiabaya_2"
"1.24.5.526",2,"tiabaya_2"
"1.24.5.527",2,"tiabaya_2"
"1.24.5.528",2,"tiabaya_2"
"1.24.5.529",2,"tiabaya_2"
"1.24.5.530",2,"tiabaya_2"
"1.24.5.531",2,"tiabaya_2"
"1.24.5.532",2,"tiabaya_2"
"1.24.5.533",2,"tiabaya_2"
"1.24.5.534",2,"tiabaya_2"
"1.24.5.535",2,"tiabaya_2"
"1.24.5.536",2,"tiabaya_2"
"1.24.5.537",2,"tiabaya_2"
"1.24.5.538",2,"tiabaya_2"
"1.24.5.539",2,"tiabaya_2"
"1.24.5.540",2,"tiabaya_2"
"1.24.5.540A",2,"tiabaya_2"
"1.24.5.541",2,"tiabaya_2"
"1.24.5.542",2,"tiabaya_2"
"1.24.5.543",2,"tiabaya_2"
"1.24.5.543A",2,"tiabaya_2"
"1.24.5.544",2,"tiabaya_2"
"1.24.5.544A",2,"tiabaya_2"
"1.24.5.545",2,"tiabaya_2"
"1.24.5.546",2,"tiabaya_2"
"1.24.5.547",2,"tiabaya_2"
"1.24.5.548",2,"tiabaya_2"
"1.24.5.549",2,"tiabaya_2"
"1.24.5.550",2,"tiabaya_2"
"1.24.5.551",2,"tiabaya_2"
"1.24.5.552",2,"tiabaya_2"
"1.24.5.553",2,"tiabaya_2"
"1.24.5.554",2,"tiabaya_2"
"1.24.5.555",2,"tiabaya_2"
"1.24.5.556",2,"tiabaya_2"
"1.24.5.557",2,"tiabaya_2"
"1.24.5.557A",2,"tiabaya_2"
"1.24.5.558",2,"tiabaya_2"
"1.24.5.559",2,"tiabaya_2"
"1.24.5.560",2,"tiabaya_2"
"1.24.5.561",2,"tiabaya_2"
"1.24.5.562",2,"tiabaya_2"
"1.24.5.563",2,"tiabaya_2"
"1.24.5.564",2,"tiabaya_2"
"1.24.5.565",2,"tiabaya_2"
"1.24.5.566",2,"tiabaya_2"
"1.24.5.567",2,"tiabaya_2"
"1.24.5.568",2,"tiabaya_2"
"1.24.5.569",2,"tiabaya_2"
"1.24.5.570",2,"tiabaya_2"
"1.24.5.571",2,"tiabaya_2"
"1.24.5.572",2,"tiabaya_2"
"1.24.5.573",2,"tiabaya_2"
"1.24.5.574",2,"tiabaya_2"
"1.24.5.575",2,"tiabaya_2"
"1.24.5.576",2,"tiabaya_2"
"1.24.5.577",2,"tiabaya_2"
"1.24.5.578",2,"tiabaya_2"
"1.24.5.579",2,"tiabaya_2"
"1.24.5.580",2,"tiabaya_2"
"1.24.5.581",2,"tiabaya_2"
"1.24.5.582",2,"tiabaya_2"
"1.24.5.583",2,"tiabaya_2"
"1.24.5.584",2,"tiabaya_2"
"1.24.5.585",2,"tiabaya_2"
"1.24.5.586",2,"tiabaya_2"
"1.24.5.587",2,"tiabaya_2"
"1.24.5.343",2,"tiabaya_2"
"1.24.5.343A",2,"tiabaya_2"
"1.24.5.343B",2,"tiabaya_2"
"1.24.5.343C",2,"tiabaya_2"
"1.24.5.343D",2,"tiabaya_2"
"1.24.6.1",2,"tiabaya_2"
"1.24.6.10",2,"tiabaya_2"
"1.24.6.11",2,"tiabaya_2"
"1.24.6.11A",2,"tiabaya_2"
"1.24.6.2",2,"tiabaya_2"
"1.24.6.3",2,"tiabaya_2"
"1.24.6.4",2,"tiabaya_2"
"1.24.6.5",2,"tiabaya_2"
"1.24.6.5A",2,"tiabaya_2"
"1.24.6.6",2,"tiabaya_2"
"1.24.6.7",2,"tiabaya_2"
"1.24.6.8",2,"tiabaya_2"
"1.24.6.9",2,"tiabaya_2"
"1.24.6.9A",2,"tiabaya_2"
"1.24.6.12",2,"tiabaya_2"
"1.24.6.13",2,"tiabaya_2"
"1.24.6.14",2,"tiabaya_2"
"1.24.6.15",2,"tiabaya_2"
"1.24.6.16",2,"tiabaya_2"
"1.24.6.17",2,"tiabaya_2"
"1.24.6.18",2,"tiabaya_2"
"1.24.6.19",2,"tiabaya_2"
"1.24.6.20",2,"tiabaya_2"
"1.24.6.21",2,"tiabaya_2"
"1.24.6.22",2,"tiabaya_2"
"1.24.6.23",2,"tiabaya_2"
"1.24.6.24",2,"tiabaya_2"
"1.24.6.25",2,"tiabaya_2"
"1.24.6.26",2,"tiabaya_2"
"1.24.6.27",2,"tiabaya_2"
"1.24.6.28",2,"tiabaya_2"
"1.24.6.29",2,"tiabaya_2"
"1.24.6.30",2,"tiabaya_2"
"1.24.6.31",2,"tiabaya_2"
"1.24.6.32",2,"tiabaya_2"
"1.24.6.33",2,"tiabaya_2"
"1.24.6.34",2,"tiabaya_2"
"1.24.6.35",2,"tiabaya_2"
"1.24.6.36",2,"tiabaya_2"
"1.24.6.37",2,"tiabaya_2"
"1.24.6.38",2,"tiabaya_2"
"1.24.6.39",2,"tiabaya_2"
"1.24.6.40",2,"tiabaya_2"
"1.24.6.41",2,"tiabaya_2"
"1.24.6.42",2,"tiabaya_2"
"1.24.6.42A",2,"tiabaya_2"
"1.24.6.43",2,"tiabaya_2"
"1.24.6.43A",2,"tiabaya_2"
"1.24.6.44",2,"tiabaya_2"
"1.24.6.45",2,"tiabaya_2"
"1.24.6.46",2,"tiabaya_2"
"1.24.6.47",2,"tiabaya_2"
"1.24.6.48",2,"tiabaya_2"
"1.24.6.49",2,"tiabaya_2"
"1.24.6.51",2,"tiabaya_2"
"1.24.6.50",2,"tiabaya_2"
"1.24.6.59",2,"tiabaya_2"
"1.24.6.59A",2,"tiabaya_2"
"1.24.6.60",2,"tiabaya_2"
"1.24.6.52",2,"tiabaya_2"
"1.24.6.53",2,"tiabaya_2"
"1.24.6.54",2,"tiabaya_2"
"1.24.6.55",2,"tiabaya_2"
"1.24.6.56",2,"tiabaya_2"
"1.24.6.57",2,"tiabaya_2"
"1.24.6.58",2,"tiabaya_2"
"1.24.6.61",2,"tiabaya_2"
"1.24.6.62",2,"tiabaya_2"
"1.24.6.63",2,"tiabaya_2"
"1.24.6.64",2,"tiabaya_2"
"1.24.6.65",2,"tiabaya_2"
"1.24.6.66",2,"tiabaya_2"
"1.24.6.67",2,"tiabaya_2"
"1.24.6.68",2,"tiabaya_2"
"1.24.6.69",2,"tiabaya_2"
"1.24.6.70",2,"tiabaya_2"
"1.24.6.71",2,"tiabaya_2"
"1.24.6.72",2,"tiabaya_2"
"1.24.6.73",2,"tiabaya_2"
"1.24.6.74",2,"tiabaya_2"
"1.24.6.75",2,"tiabaya_2"
"1.24.6.76",2,"tiabaya_2"
"1.24.6.77",2,"tiabaya_2"
"1.24.6.78",2,"tiabaya_2"
"1.24.6.79",2,"tiabaya_2"
"1.24.6.80",2,"tiabaya_2"
"1.24.6.81",2,"tiabaya_2"
"1.24.6.82",2,"tiabaya_2"
"1.24.6.83",2,"tiabaya_2"
"1.24.6.84",2,"tiabaya_2"
"1.24.6.85",2,"tiabaya_2"
"1.24.6.86",2,"tiabaya_2"
"1.24.6.87",2,"tiabaya_2"
"1.24.6.88",2,"tiabaya_2"
"1.24.6.89",2,"tiabaya_2"
"1.24.6.90",2,"tiabaya_2"
"1.24.6.93",2,"tiabaya_2"
"1.24.6.91",2,"tiabaya_2"
"1.24.6.91A",2,"tiabaya_2"
"1.24.6.92",2,"tiabaya_2"
"1.24.6.100",2,"tiabaya_2"
"1.24.6.101",2,"tiabaya_2"
"1.24.6.102",2,"tiabaya_2"
"1.24.6.103",2,"tiabaya_2"
"1.24.6.104",2,"tiabaya_2"
"1.24.6.105",2,"tiabaya_2"
"1.24.6.106",2,"tiabaya_2"
"1.24.6.107",2,"tiabaya_2"
"1.24.6.108",2,"tiabaya_2"
"1.24.6.109",2,"tiabaya_2"
"1.24.6.110",2,"tiabaya_2"
"1.24.6.111",2,"tiabaya_2"
"1.24.6.112",2,"tiabaya_2"
"1.24.6.94",2,"tiabaya_2"
"1.24.6.95",2,"tiabaya_2"
"1.24.6.96",2,"tiabaya_2"
"1.24.6.97",2,"tiabaya_2"
"1.24.6.98",2,"tiabaya_2"
"1.24.6.99",2,"tiabaya_2"
"1.24.6.117",2,"tiabaya_2"
"1.24.6.118",2,"tiabaya_2"
"1.24.6.119",2,"tiabaya_2"
"1.24.6.113",2,"tiabaya_2"
"1.24.6.114",2,"tiabaya_2"
"1.24.6.115",2,"tiabaya_2"
"1.24.6.116",2,"tiabaya_2"
"1.24.6.120",2,"tiabaya_2"
"1.24.6.121",2,"tiabaya_2"
"1.24.6.122",2,"tiabaya_2"
"1.24.7.1",2,"tiabaya_2"
"1.24.7.2",2,"tiabaya_2"
"1.24.7.3",2,"tiabaya_2"
"1.24.7.4",2,"tiabaya_2"
"1.24.7.5",2,"tiabaya_2"
"1.24.7.6",2,"tiabaya_2"
"1.24.7.10",2,"tiabaya_2"
"1.24.7.11",2,"tiabaya_2"
"1.24.7.7",2,"tiabaya_2"
"1.24.7.8",2,"tiabaya_2"
"1.24.7.9",2,"tiabaya_2"
"1.24.7.12",2,"tiabaya_2"
"1.24.7.13",2,"tiabaya_2"
"1.24.7.14",2,"tiabaya_2"
"1.24.7.15",2,"tiabaya_2"
"1.24.7.16",2,"tiabaya_2"
"1.24.7.17",2,"tiabaya_2"
"1.24.7.18",2,"tiabaya_2"
"1.24.7.19",2,"tiabaya_2"
"1.24.7.20",2,"tiabaya_2"
"1.24.7.21",2,"tiabaya_2"
"1.24.7.22",2,"tiabaya_2"
"1.24.7.23",2,"tiabaya_2"
"1.24.7.24",2,"tiabaya_2"
"1.24.7.25",2,"tiabaya_2"
"1.24.7.26",2,"tiabaya_2"
"1.24.7.27",2,"tiabaya_2"
"1.24.7.28",2,"tiabaya_2"
"1.24.7.29",2,"tiabaya_2"
"1.24.7.30",2,"tiabaya_2"
"1.24.7.31",2,"tiabaya_2"
"1.24.7.32",2,"tiabaya_2"
"1.24.7.33",2,"tiabaya_2"
"1.24.7.34",2,"tiabaya_2"
"1.24.7.35",2,"tiabaya_2"
"1.24.7.36",2,"tiabaya_2"
"1.24.7.37",2,"tiabaya_2"
"1.24.7.38",2,"tiabaya_2"
"1.24.7.39",2,"tiabaya_2"
"1.24.7.40",2,"tiabaya_2"
"1.24.7.41",2,"tiabaya_2"
"1.24.7.42",2,"tiabaya_2"
"1.24.7.43",2,"tiabaya_2"
"1.24.7.44",2,"tiabaya_2"
"1.24.7.45",2,"tiabaya_2"
"1.24.7.45A",2,"tiabaya_2"
"1.24.7.46",2,"tiabaya_2"
"1.24.7.47",2,"tiabaya_2"
"1.24.7.48",2,"tiabaya_2"
"1.24.7.49",2,"tiabaya_2"
"1.24.7.50",2,"tiabaya_2"
"1.24.7.51",2,"tiabaya_2"
"1.24.7.52",2,"tiabaya_2"
"1.24.7.107",2,"tiabaya_2"
"1.24.7.53",2,"tiabaya_2"
"1.24.7.54",2,"tiabaya_2"
"1.24.7.55",2,"tiabaya_2"
"1.24.7.56",2,"tiabaya_2"
"1.24.7.57",2,"tiabaya_2"
"1.24.7.58",2,"tiabaya_2"
"1.24.7.59",2,"tiabaya_2"
"1.24.7.60",2,"tiabaya_2"
"1.24.7.61",2,"tiabaya_2"
"1.24.7.62",2,"tiabaya_2"
"1.24.7.63",2,"tiabaya_2"
"1.24.7.64",2,"tiabaya_2"
"1.24.7.65",2,"tiabaya_2"
"1.24.7.65A",2,"tiabaya_2"
"1.24.7.65B",2,"tiabaya_2"
"1.24.7.66",2,"tiabaya_2"
"1.24.7.67",2,"tiabaya_2"
"1.24.7.68",2,"tiabaya_2"
"1.24.7.69",2,"tiabaya_2"
"1.24.7.70",2,"tiabaya_2"
"1.24.7.71",2,"tiabaya_2"
"1.24.7.72",2,"tiabaya_2"
"1.24.7.73",2,"tiabaya_2"
"1.24.7.74",2,"tiabaya_2"
"1.24.7.75",2,"tiabaya_2"
"1.24.7.76",2,"tiabaya_2"
"1.24.7.77",2,"tiabaya_2"
"1.24.7.78",2,"tiabaya_2"
"1.24.7.79",2,"tiabaya_2"
"1.24.7.80",2,"tiabaya_2"
"1.24.7.81",2,"tiabaya_2"
"1.24.7.82",2,"tiabaya_2"
"1.24.7.83",2,"tiabaya_2"
"1.24.7.84",2,"tiabaya_2"
"1.24.7.85",2,"tiabaya_2"
"1.24.7.86",2,"tiabaya_2"
"1.24.7.87",2,"tiabaya_2"
"1.24.7.88",2,"tiabaya_2"
"1.24.7.89",2,"tiabaya_2"
"1.24.7.90",2,"tiabaya_2"
"1.24.7.91",2,"tiabaya_2"
"1.24.7.92",2,"tiabaya_2"
"1.24.7.93",2,"tiabaya_2"
"1.24.7.94",2,"tiabaya_2"
"1.24.7.95",2,"tiabaya_2"
"1.24.7.96",2,"tiabaya_2"
"1.24.7.97",2,"tiabaya_2"
"1.24.7.98",2,"tiabaya_2"
"1.24.7.100",2,"tiabaya_2"
"1.24.7.101",2,"tiabaya_2"
"1.24.7.102",2,"tiabaya_2"
"1.24.7.103",2,"tiabaya_2"
"1.24.7.104",2,"tiabaya_2"
"1.24.7.105",2,"tiabaya_2"
"1.24.7.106",2,"tiabaya_2"
"1.24.7.99",2,"tiabaya_2"
"1.24.7.108",2,"tiabaya_2"
"1.24.7.109",2,"tiabaya_2"
"1.24.7.110",2,"tiabaya_2"
"1.24.7.111",2,"tiabaya_2"
"1.24.7.112",2,"tiabaya_2"
"1.24.7.113",2,"tiabaya_2"
"1.24.7.114",2,"tiabaya_2"
"1.24.7.115",2,"tiabaya_2"
"1.24.7.116",2,"tiabaya_2"
"1.24.7.117",2,"tiabaya_2"
"1.24.7.118",2,"tiabaya_2"
"1.24.7.119",2,"tiabaya_2"
"1.24.7.120",2,"tiabaya_2"
"1.24.7.121",2,"tiabaya_2"
"1.24.7.122",2,"tiabaya_2"
"1.24.7.123",2,"tiabaya_2"
"1.24.7.124",2,"tiabaya_2"
"1.24.7.125",2,"tiabaya_2"
"1.24.7.126",2,"tiabaya_2"
"1.24.7.127",2,"tiabaya_2"
"1.24.7.128",2,"tiabaya_2"
"1.24.7.129",2,"tiabaya_2"
"1.24.7.130",2,"tiabaya_2"
"1.24.7.131",2,"tiabaya_2"
"1.24.7.132",2,"tiabaya_2"
"1.24.7.133",2,"tiabaya_2"
"1.24.8.1",2,"tiabaya_2"
"1.24.8.10",2,"tiabaya_2"
"1.24.8.2",2,"tiabaya_2"
"1.24.8.3",2,"tiabaya_2"
"1.24.8.4",2,"tiabaya_2"
"1.24.8.5",2,"tiabaya_2"
"1.24.8.6",2,"tiabaya_2"
"1.24.8.7",2,"tiabaya_2"
"1.24.8.8",2,"tiabaya_2"
"1.24.8.9",2,"tiabaya_2"
"1.24.8.11",2,"tiabaya_2"
"1.24.8.12",2,"tiabaya_2"
"1.24.8.13",2,"tiabaya_2"
"1.24.8.14",2,"tiabaya_2"
"1.24.8.15",2,"tiabaya_2"
"1.24.8.16",2,"tiabaya_2"
"1.24.8.17",2,"tiabaya_2"
"1.24.8.18",2,"tiabaya_2"
"1.24.8.19",2,"tiabaya_2"
"1.24.8.20",2,"tiabaya_2"
"1.24.8.21",2,"tiabaya_2"
"1.24.8.22",2,"tiabaya_2"
"1.24.8.23",2,"tiabaya_2"
"1.24.8.24",2,"tiabaya_2"
"1.24.8.25",2,"tiabaya_2"
"1.24.8.26",2,"tiabaya_2"
"1.24.8.27",2,"tiabaya_2"
"1.24.8.28",2,"tiabaya_2"
"1.24.8.29",2,"tiabaya_2"
"1.24.8.30",2,"tiabaya_2"
"1.24.8.31",2,"tiabaya_2"
"1.24.8.32",2,"tiabaya_2"
"1.24.8.33",2,"tiabaya_2"
"1.24.8.34",2,"tiabaya_2"
"1.24.8.35",2,"tiabaya_2"
"1.24.8.36",2,"tiabaya_2"
"1.24.8.36A",2,"tiabaya_2"
"1.24.8.37",2,"tiabaya_2"
"1.24.8.38",2,"tiabaya_2"
"1.24.8.39",2,"tiabaya_2"
"1.24.8.40",2,"tiabaya_2"
"1.24.8.41",2,"tiabaya_2"
"1.24.8.42",2,"tiabaya_2"
"1.24.8.43",2,"tiabaya_2"
"1.24.8.44",2,"tiabaya_2"
"1.24.8.45",2,"tiabaya_2"
"1.24.8.46",2,"tiabaya_2"
"1.24.8.47",2,"tiabaya_2"
"1.24.8.48",2,"tiabaya_2"
"1.24.8.49",2,"tiabaya_2"
"1.24.8.50",2,"tiabaya_2"
"1.24.8.51",2,"tiabaya_2"
"1.24.8.52",2,"tiabaya_2"
"1.24.8.53",2,"tiabaya_2"
"1.24.8.54",2,"tiabaya_2"
"1.24.8.55",2,"tiabaya_2"
"1.24.8.56",2,"tiabaya_2"
"1.24.8.57",2,"tiabaya_2"
"1.24.8.58",2,"tiabaya_2"
"1.24.8.59",2,"tiabaya_2"
"1.24.8.60",2,"tiabaya_2"
"1.24.8.61",2,"tiabaya_2"
"1.24.8.62",2,"tiabaya_2"
"1.24.8.63",2,"tiabaya_2"
"1.24.8.64",2,"tiabaya_2"
"1.24.8.65",2,"tiabaya_2"
"1.24.8.65A",2,"tiabaya_2"
"1.24.8.66",2,"tiabaya_2"
"1.24.8.67",2,"tiabaya_2"
"1.24.8.68",2,"tiabaya_2"
"1.24.8.69",2,"tiabaya_2"
"1.24.8.70",2,"tiabaya_2"
"1.24.8.71",2,"tiabaya_2"
"1.24.8.72",2,"tiabaya_2"
"1.24.8.73",2,"tiabaya_2"
"1.24.8.74",2,"tiabaya_2"
"1.24.8.75",2,"tiabaya_2"
"1.24.8.76",2,"tiabaya_2"
"1.24.8.77",2,"tiabaya_2"
"1.24.8.78",2,"tiabaya_2"
"1.24.8.79",2,"tiabaya_2"
"1.24.8.80",2,"tiabaya_2"
"1.24.8.81",2,"tiabaya_2"
"1.24.8.82",2,"tiabaya_2"
"1.24.8.83",2,"tiabaya_2"
"1.24.8.84",2,"tiabaya_2"
"1.24.8.85",2,"tiabaya_2"
"1.24.8.86",2,"tiabaya_2"
"1.24.8.87",2,"tiabaya_2"
"1.24.8.88",2,"tiabaya_2"
"1.24.8.89",2,"tiabaya_2"
"1.24.8.90",2,"tiabaya_2"
"1.24.8.91",2,"tiabaya_2"
"1.24.8.100",2,"tiabaya_2"
"1.24.8.101",2,"tiabaya_2"
"1.24.8.92",2,"tiabaya_2"
"1.24.8.93",2,"tiabaya_2"
"1.24.8.94",2,"tiabaya_2"
"1.24.8.95",2,"tiabaya_2"
"1.24.8.96",2,"tiabaya_2"
"1.24.8.97",2,"tiabaya_2"
"1.24.8.98",2,"tiabaya_2"
"1.24.8.99",2,"tiabaya_2"
"1.24.8.102",2,"tiabaya_2"
"1.24.8.103",2,"tiabaya_2"
"1.24.8.104",2,"tiabaya_2"
"1.24.8.105",2,"tiabaya_2"
"1.24.8.106",2,"tiabaya_2"
"1.24.8.107",2,"tiabaya_2"
"1.24.8.108",2,"tiabaya_2"
"1.24.8.109",2,"tiabaya_2"
"1.24.8.110",2,"tiabaya_2"
"1.24.8.111",2,"tiabaya_2"
"1.24.8.112",2,"tiabaya_2"
"1.24.8.113",2,"tiabaya_2"
"1.24.8.114",2,"tiabaya_2"
"1.24.8.115",2,"tiabaya_2"
"1.24.8.116",2,"tiabaya_2"
"1.24.8.117",2,"tiabaya_2"
"1.24.8.118",2,"tiabaya_2"
"1.24.8.119",2,"tiabaya_2"
"1.24.8.120",2,"tiabaya_2"
"1.24.8.121",2,"tiabaya_2"
"1.24.8.122",2,"tiabaya_2"
"1.24.8.123",2,"tiabaya_2"
"1.24.8.124",2,"tiabaya_2"
"1.24.8.125",2,"tiabaya_2"
"1.24.8.126",2,"tiabaya_2"
"1.24.8.127",2,"tiabaya_2"
"1.24.8.128",2,"tiabaya_2"
"1.24.8.129",2,"tiabaya_2"
"1.24.8.130",2,"tiabaya_2"
"1.24.8.131",2,"tiabaya_2"
"1.24.8.132",2,"tiabaya_2"
"1.24.8.133",2,"tiabaya_2"
"1.24.8.134",2,"tiabaya_2"
"1.24.8.135",2,"tiabaya_2"
"1.24.8.136",2,"tiabaya_2"
"1.24.8.137",2,"tiabaya_2"
"1.24.8.138",2,"tiabaya_2"
"1.24.8.139",2,"tiabaya_2"
"1.24.8.140",2,"tiabaya_2"
"1.24.8.141",2,"tiabaya_2"
"1.24.8.142",2,"tiabaya_2"
"1.24.8.143",2,"tiabaya_2"
"1.24.8.144",2,"tiabaya_2"
"1.24.8.145",2,"tiabaya_2"
"1.24.8.146",2,"tiabaya_2"
"1.24.8.147",2,"tiabaya_2"
"1.24.8.148",2,"tiabaya_2"
"1.24.8.149",2,"tiabaya_2"
"1.24.8.150",2,"tiabaya_2"
"1.24.8.151",2,"tiabaya_2"
"1.24.8.152",2,"tiabaya_2"
"1.24.8.153",2,"tiabaya_2"
"1.24.8.154",2,"tiabaya_2"
"1.24.8.155",2,"tiabaya_2"
"1.24.8.156",2,"tiabaya_2"
"1.24.8.157",2,"tiabaya_2"
"1.24.8.158",2,"tiabaya_2"
"1.24.8.159",2,"tiabaya_2"
"1.24.8.160",2,"tiabaya_2"
"1.24.8.161",2,"tiabaya_2"
"1.24.8.162",2,"tiabaya_2"
"1.24.8.163",2,"tiabaya_2"
"1.24.8.164",2,"tiabaya_2"
"1.24.8.165",2,"tiabaya_2"
"1.24.8.166",2,"tiabaya_2"
"1.24.8.167",2,"tiabaya_2"
"1.24.8.168",2,"tiabaya_2"
"1.24.8.169",2,"tiabaya_2"
"1.24.8.170",2,"tiabaya_2"
"1.24.8.170A",2,"tiabaya_2"
"1.24.8.171",2,"tiabaya_2"
"1.24.8.171A",2,"tiabaya_2"
"1.24.9.32",2,"tiabaya_2"
"1.24.9.1",2,"tiabaya_2"
"1.24.9.10",2,"tiabaya_2"
"1.24.9.10A",2,"tiabaya_2"
"1.24.9.11",2,"tiabaya_2"
"1.24.9.12",2,"tiabaya_2"
"1.24.9.13",2,"tiabaya_2"
"1.24.9.14",2,"tiabaya_2"
"1.24.9.15",2,"tiabaya_2"
"1.24.9.16",2,"tiabaya_2"
"1.24.9.17",2,"tiabaya_2"
"1.24.9.18",2,"tiabaya_2"
"1.24.9.18A",2,"tiabaya_2"
"1.24.9.19",2,"tiabaya_2"
"1.24.9.2",2,"tiabaya_2"
"1.24.9.20",2,"tiabaya_2"
"1.24.9.20A",2,"tiabaya_2"
"1.24.9.21",2,"tiabaya_2"
"1.24.9.22",2,"tiabaya_2"
"1.24.9.23",2,"tiabaya_2"
"1.24.9.24",2,"tiabaya_2"
"1.24.9.25",2,"tiabaya_2"
"1.24.9.26",2,"tiabaya_2"
"1.24.9.27",2,"tiabaya_2"
"1.24.9.28",2,"tiabaya_2"
"1.24.9.29",2,"tiabaya_2"
"1.24.9.2A",2,"tiabaya_2"
"1.24.9.3",2,"tiabaya_2"
"1.24.9.30",2,"tiabaya_2"
"1.24.9.31",2,"tiabaya_2"
"1.24.9.4",2,"tiabaya_2"
"1.24.9.5",2,"tiabaya_2"
"1.24.9.6",2,"tiabaya_2"
"1.24.9.7",2,"tiabaya_2"
"1.24.9.8",2,"tiabaya_2"
"1.24.9.9",2,"tiabaya_2"
